Date,Market
21/05/2025,Time Bazar
21/05/2025,Milan Day
21/05/2025,Rajdhani Day
21/05/2025,Kalyan
21/05/2025,Milan Night
21/05/2025,Rajdhani Night
21/05/2025,Main Bazar
22/05/2025,Time Bazar
22/05/2025,Rajdhani Day
22/05/2025,Milan Day
22/05/2025,Kalyan
22/05/2025,Milan Night
23/05/2025,Time Bazar
23/05/2025,Rajdhani Day
23/05/2025,Milan Day
23/05/2025,Kalyan
23/05/2025,Milan Night
23/05/2025,Rajdhani Night
23/05/2025,Main Bazar
24/05/2025,Time Bazar
24/05/2025,Rajdhani Day
24/05/2025,Milan Day
24/05/2025,Kalyan
24/05/2025,Milan Night
26/05/2025,Time Bazar
26/05/2025,Rajdhani Day
26/05/2025,Milan Day
26/05/2025,Kalyan
26/05/2025,Milan Night
26/05/2025,Rajdhani Night
26/05/2025,Main Bazar
27/05/2025,Time Bazar
27/05/2025,Rajdhani Day
27/05/2025,Milan Day
27/05/2025,Kalyan
27/05/2025,Milan Night
27/05/2025,Rajdhani Night
27/05/2025,Main Bazar
28/05/2025,Time Bazar
28/05/2025,Rajdhani Day
28/05/2025,Milan Day
28/05/2025,Kalyan
28/05/2025,Milan Night
28/05/2025,Rajdhani Night
28/05/2025,Main Bazar
29/05/2025,Time Bazar
29/05/2025,Rajdhani Day
29/05/2025,Milan Day
29/05/2025,Kalyan
29/05/2025,Milan Night
29/05/2025,Rajdhani Night
29/05/2025,Main Bazar
30/05/2025,Time Bazar
30/05/2025,Rajdhani Day
30/05/2025,Milan Day
30/05/2025,Kalyan
30/05/2025,Milan Night
30/05/2025,Rajdhani Night
30/05/2025,Main Bazar
31/05/2025,Time Bazar
31/05/2025,Rajdhani Day
31/05/2025,Milan Day
31/05/2025,Kalyan
31/05/2025,Milan Night
02/06/2025,Time Bazar
02/06/2025,Rajdhani Day
02/06/2025,Milan Day
02/06/2025,Kalyan
02/06/2025,Milan Night
02/06/2025,Rajdhani Night
02/06/2025,Main Bazar
03/06/2025,Time Bazar
03/06/2025,Rajdhani Day
03/06/2025,Milan Day
03/06/2025,Kalyan
03/06/2025,Milan Night
03/06/2025,Rajdhani Night
03/06/2025,Main Bazar
04/06/2025,Time Bazar
04/06/2025,Rajdhani Day
04/06/2025,Milan Day
04/06/2025,Kalyan
04/06/2025,Milan Night
04/06/2025,Rajdhani Night
04/06/2025,Main Bazar
05/06/2025,Time Bazar
05/06/2025,Rajdhani Day
05/06/2025,Milan Day
05/06/2025,Kalyan
05/06/2025,Milan Night
05/06/2025,Rajdhani Night
05/06/2025,Main Bazar
06/06/2025,Time Bazar
06/06/2025,Rajdhani Day
06/06/2025,Milan Day
06/06/2025,Kalyan
06/06/2025,Milan Night
06/06/2025,Rajdhani Night
06/06/2025,Main Bazar
07/06/2025,Time Bazar
07/06/2025,Rajdhani Day
07/06/2025,Milan Day
07/06/2025,Kalyan
07/06/2025,Milan Night
09/06/2025,Time Bazar
09/06/2025,Rajdhani Day
09/06/2025,Milan Day
09/06/2025,Kalyan
09/06/2025,Milan Night
09/06/2025,Rajdhani Night
09/06/2025,Main Bazar
10/06/2025,Time Bazar
10/06/2025,Rajdhani Day
10/06/2025,Milan Day
10/06/2025,Kalyan
10/06/2025,Milan Night
10/06/2025,Rajdhani Night
10/06/2025,Main Bazar
11/06/2025,Time Bazar
11/06/2025,Rajdhani Day
11/06/2025,Milan Day
11/06/2025,Kalyan
11/06/2025,Milan Night
11/06/2025,Rajdhani Night
11/06/2025,Main Bazar
12/06/2025,Time Bazar
12/06/2025,Rajdhani Day
12/06/2025,Milan Day
12/06/2025,Kalyan
12/06/2025,Milan Night
12/06/2025,Rajdhani Night
12/06/2025,Main Bazar
13/06/2025,Time Bazar
13/06/2025,Rajdhani Day
13/06/2025,Milan Day
13/06/2025,Kalyan
13/06/2025,Milan Night
13/06/2025,Rajdhani Night
13/06/2025,Main Bazar
14/06/2025,Time Bazar
14/06/2025,Rajdhani Day
14/06/2025,Milan Day
14/06/2025,Kalyan
14/06/2025,Milan Night
16/06/2025,Time Bazar
16/06/2025,Rajdhani Day
16/06/2025,Milan Day
16/06/2025,Kalyan
16/06/2025,Milan Night
16/06/2025,Rajdhani Night
16/06/2025,Main Bazar
17/06/2025,Time Bazar
17/06/2025,Rajdhani Day
17/06/2025,Milan Day
17/06/2025,Kalyan
17/06/2025,Milan Night
17/06/2025,Rajdhani Night
17/06/2025,Main Bazar
18/06/2025,Time Bazar
18/06/2025,Rajdhani Day
18/06/2025,Milan Day
18/06/2025,Kalyan
18/06/2025,Milan Night
18/06/2025,Rajdhani Night
18/06/2025,Main Bazar
19/06/2025,Time Bazar
19/06/2025,Rajdhani Day
19/06/2025,Milan Day
19/06/2025,Kalyan
19/06/2025,Milan Night
19/06/2025,Rajdhani Night
19/06/2025,Main Bazar
20/06/2025,Time Bazar
20/06/2025,Rajdhani Day
20/06/2025,Milan Day
20/06/2025,Kalyan
20/06/2025,Milan Night
20/06/2025,Rajdhani Night
20/06/2025,Main Bazar
21/06/2025,Time Bazar
21/06/2025,Rajdhani Day
21/06/2025,Milan Day
21/06/2025,Kalyan
21/06/2025,Milan Night
23/06/2025,Time Bazar
23/06/2025,Rajdhani Day
23/06/2025,Milan Day
23/06/2025,Kalyan
23/06/2025,Milan Night
23/06/2025,Rajdhani Night
23/06/2025,Main Bazar
24/06/2025,Time Bazar
24/06/2025,Rajdhani Day
24/06/2025,Milan Day
24/06/2025,Kalyan
24/06/2025,Milan Night
24/06/2025,Rajdhani Night
24/06/2025,Main Bazar
25/06/2025,Time Bazar
25/06/2025,Rajdhani Day
25/06/2025,Milan Day
25/06/2025,Kalyan
25/06/2025,Milan Night
25/06/2025,Rajdhani Night
25/06/2025,Main Bazar
