Market,Date,Open,Close,Pattis,Jodis
Time Bazar,15/05/2025,"5, 3","2, 6","530, 531, 532, 533","53, 54, 52, 56, 63, 57, 51, 33, 59, 23"
Milan Day,15/05/2025,"1, 3","2, 4","310, 311, 312, 313","31, 41, 21, 32, 30, 33, 51, 11, 61, 37"
Rajdhani Day,15/05/2025,"2, 7","3, 5","720, 721, 722, 723","72, 52, 62, 82, 32, 22, 42, 92, 73, 77"
Kalyan,15/05/2025,"3, 8","7, 2","830, 831, 832, 833","83, 73, 63, 82, 93, 87, 84, 43, 33, 23"
Milan Night,15/05/2025,"4, 7","6, 2","740, 741, 742, 743","74, 84, 64, 24, 72, 73, 34, 94, 71, 76"
Rajdhani Night,15/05/2025,"9, 8","7, 6","980, 981, 982, 983","98, 99, 78, 97, 88, 96, 77, 68, 87, 95"
Main Bazar,15/05/2025,"1, 7","5, 8","710, 711, 712, 713","71, 81, 72, 61, 51, 70, 91, 73, 41, 75"
Time Bazar,21/05/2025,"0, 7","0, 0","128, 371, 130, 278","00, 80, 22, 63, 40, 96, 82, 76, 03, 19"
Milan Day,21/05/2025,"0, 2","9, 9","337, 338, 235, 117","99, 11, 26, 29, 23, 94, 07, 63, 83, 50"
Rajdhani Day,21/05/2025,"7, 2","5, 5","125, 130, 124, 891","25, 75, 85, 34, 71, 60, 29, 03, 31, 40"
Kalyan,21/05/2025,"5, 0","5, 6","670, 671, 458, 802","05, 36, 55, 32, 85, 19, 57, 60, 63, 53"
Milan Night,21/05/2025,"4, 2","1, 2","346, 347, 780, 781","41, 02, 26, 91, 39, 33, 25, 37, 14, 29"
Rajdhani Night,21/05/2025,"3, 5","0, 7","346, 347, 230, 463","94, 58, 97, 86, 30, 72, 46, 55, 70, 60"
Main Bazar,21/05/2025,"4, 9","2, 9","568, 562, 138, 559","42, 99, 85, 69, 96, 72, 03, 28, 71, 16"
Time Bazar,22/05/2025,"9, 9","4, 5","901, 680, 902, 200","95, 94, 51, 62, 46, 78, 03, 00, 31, 37"
Milan Day,22/05/2025,"8, 9","3, 2","282, 148, 270, 271","83, 65, 98, 58, 21, 43, 11, 62, 12, 56"
Rajdhani Day,22/05/2025,"9, 6","5, 1","160, 380, 379, 237","94, 69, 65, 46, 81, 91, 38, 03, 83, 44"
Kalyan,22/05/2025,"3, 8","5, 8","781, 116, 118, 782","38, 85, 30, 80, 94, 37, 83, 07, 04, 44"
Milan Night,22/05/2025,"7, 0","2, 6","589, 124, 129, 271","76, 06, 77, 12, 52, 65, 57, 54, 39, 59"
Rajdhani Night,22/05/2025,"7, 3","9, 2","502, 129, 501, 451","79, 31, 75, 38, 01, 66, 83, 92, 29, 23"
Main Bazar,22/05/2025,"1, 3","2, 1","148, 380, 149, 138","82, 81, 18, 91, 11, 45, 38, 88, 33, 35"
Time Bazar,24/05/2025,"5, 8","2, 7","136, 380, 381, 133","57, 03, 87, 62, 49, 56, 12, 55, 05, 02"
Milan Day,24/05/2025,"8, 2","8, 8","126, 128, 149, 380","88, 28, 05, 01, 13, 42, 71, 04, 12, 29"
Rajdhani Day,24/05/2025,"1, 0","4, 1","251, 146, 149, 462","14, 01, 69, 52, 92, 89, 05, 18, 54, 76"
Kalyan,24/05/2025,"6, 8","9, 0","359, 572, 360, 462","60, 89, 65, 28, 48, 18, 33, 49, 02, 74"
Milan Night,24/05/2025,"8, 4","1, 5","690, 442, 490, 692","85, 81, 62, 44, 27, 68, 75, 57, 60, 90"
Rajdhani Night,24/05/2025,"5, 1","3, 9","246, 359, 235, 602","53, 19, 58, 86, 17, 54, 99, 93, 15, 25"
Main Bazar,24/05/2025,"3, 0","6, 6","160, 301, 603, 351","06, 36, 35, 82, 40, 67, 53, 56, 29, 45"
Time Bazar,26/05/2025,"8, 5","4, 1","257, 357, 359, 149","81, 54, 55, 44, 01, 25, 41, 79, 40, 95"
Milan Day,26/05/2025,"0, 0","6, 0","302, 299, 269, 301","06, 02, 60, 94, 98, 13, 62, 49, 48, 50"
Rajdhani Day,26/05/2025,"8, 2","3, 1","117, 489, 257, 688","83, 21, 18, 48, 29, 23, 35, 66, 22, 71"
Kalyan,26/05/2025,"4, 1","4, 8","468, 470, 158, 241","18, 44, 45, 67, 12, 91, 68, 26, 06, 53"
Milan Night,26/05/2025,"1, 0","5, 9","560, 137, 138, 269","15, 09, 62, 19, 64, 38, 18, 36, 88, 10"
Rajdhani Night,26/05/2025,"1, 5","3, 9","247, 246, 234, 357","53, 19, 17, 58, 86, 99, 47, 31, 09, 44"
Main Bazar,26/05/2025,"0, 3","6, 6","351, 302, 352, 603","36, 06, 35, 82, 40, 99, 67, 29, 81, 90"
Time Bazar,27/05/2025,"6, 1","2, 2","140, 129, 113, 350","62, 22, 10, 44, 06, 75, 29, 20, 43, 81"
Milan Day,27/05/2025,"2, 9","9, 2","246, 679, 903, 680","29, 04, 92, 80, 40, 10, 47, 68, 33, 44"
Rajdhani Day,27/05/2025,"7, 0","5, 2","118, 170, 203, 200","61, 05, 72, 27, 07, 16, 15, 71, 86, 82"
Kalyan,27/05/2025,"6, 9","6, 9","180, 350, 351, 469","53, 99, 66, 81, 31, 36, 30, 44, 00, 49"
Milan Night,27/05/2025,"1, 1","9, 0","140, 128, 129, 291","19, 70, 10, 62, 50, 80, 89, 29, 78, 07"
Rajdhani Night,27/05/2025,"1, 2","6, 3","129, 128, 148, 130","73, 16, 27, 23, 11, 77, 53, 85, 22, 20"
Main Bazar,27/05/2025,"6, 9","8, 0","382, 379, 151, 381","68, 91, 96, 20, 11, 66, 67, 04, 69, 83"
Time Bazar,28/05/2025,"4, 4","5, 4","132, 231, 249, 133","45, 44, 19, 67, 08, 77, 91, 89, 72, 80"
Milan Day,28/05/2025,"8, 0","6, 8","570, 259, 247, 567","86, 08, 12, 96, 38, 47, 40, 55, 11, 83"
Rajdhani Day,28/05/2025,"1, 5","1, 2","383, 889, 140, 380","11, 27, 52, 88, 24, 71, 72, 79, 83, 65"
Kalyan,28/05/2025,"2, 4","8, 4","379, 380, 480, 132","28, 48, 94, 85, 87, 41, 35, 26, 76, 39"
Milan Night,28/05/2025,"0, 5","5, 3","346, 267, 368, 480","55, 03, 30, 96, 31, 49, 42, 79, 07, 94"
Rajdhani Night,28/05/2025,"0, 5","6, 1","120, 560, 561, 178","06, 21, 56, 96, 61, 01, 02, 57, 18, 29"
Main Bazar,28/05/2025,"4, 4","2, 8","135, 161, 160, 691","42, 08, 44, 48, 79, 70, 12, 56, 65, 60"
Time Bazar,29/05/2025,"0, 3","2, 6","132, 130, 580, 582","02, 36, 81, 82, 44, 53, 71, 35, 69, 84"
Milan Day,29/05/2025,"7, 0","3, 8","225, 191, 558, 193","78, 81, 76, 03, 89, 57, 44, 59, 46, 06"
Rajdhani Day,29/05/2025,"5, 9","4, 1","469, 231, 233, 471","94, 46, 10, 65, 54, 34, 52, 58, 60, 81"
Kalyan,29/05/2025,"2, 3","4, 5","248, 682, 250, 679","24, 35, 53, 79, 52, 90, 27, 83, 68, 45"
Milan Night,29/05/2025,"7, 1","7, 8","449, 469, 191, 452","77, 11, 28, 57, 78, 96, 39, 82, 72, 53"
Rajdhani Night,29/05/2025,"4, 9","5, 2","231, 250, 229, 228","45, 25, 92, 27, 80, 11, 99, 01, 12, 18"
Main Bazar,29/05/2025,"5, 8","6, 6","160, 600, 180, 178","56, 67, 81, 32, 22, 79, 82, 84, 03, 36"
Time Bazar,30/05/2025,"1, 6","4, 5","147, 259, 146, 260","14, 55, 46, 19, 67, 03, 31, 05, 82, 71"
Milan Day,30/05/2025,"4, 5","5, 6","241, 113, 240, 114","45, 56, 12, 08, 96, 70, 42, 23, 54, 55"
Rajdhani Day,30/05/2025,"3, 8","5, 4","259, 232, 258, 178","91, 35, 84, 17, 31, 94, 08, 77, 80, 23"
Kalyan,30/05/2025,"5, 9","8, 5","143, 340, 341, 116","58, 95, 70, 68, 00, 01, 33, 13, 39, 30"
Milan Night,30/05/2025,"1, 1","2, 9","348, 360, 362, 579","12, 19, 32, 29, 17, 13, 27, 53, 07, 36"
Rajdhani Night,30/05/2025,"5, 3","2, 5","783, 159, 456, 583","52, 34, 27, 65, 40, 45, 39, 03, 36, 18"
Main Bazar,30/05/2025,"2, 8","3, 1","348, 279, 239, 280","81, 23, 68, 79, 30, 25, 29, 33, 26, 27"
Time Bazar,01/06/2025,"8, 7","0, 3","370, 381, 368, 136","80, 70, 61, 21, 43, 83, 94, 57, 48, 79"
Milan Day,01/06/2025,"5, 0","8, 4","266, 469, 129, 269","58, 04, 78, 49, 94, 05, 15, 29, 39, 62"
Rajdhani Day,01/06/2025,"4, 2","3, 9","167, 168, 129, 126","49, 08, 33, 78, 29, 34, 55, 15, 36, 21"
Kalyan,01/06/2025,"4, 9","4, 8","241, 469, 471, 468","74, 44, 18, 06, 98, 14, 96, 39, 12, 32"
Milan Night,01/06/2025,"3, 0","5, 2","140, 145, 269, 571","22, 16, 35, 73, 34, 31, 09, 98, 42, 26"
Rajdhani Night,01/06/2025,"4, 3","2, 8","167, 168, 192, 190","42, 38, 44, 33, 66, 20, 13, 15, 69, 76"
Main Bazar,01/06/2025,"4, 2","9, 6","561, 681, 352, 248","49, 34, 64, 20, 22, 26, 28, 10, 13, 48"
Time Bazar,02/06/2025,"8, 7","0, 0","460, 462, 370, 136","80, 70, 61, 31, 90, 83, 43, 48, 57, 21"
Milan Day,02/06/2025,"5, 0","8, 4","130, 266, 128, 129","58, 78, 04, 49, 94, 05, 15, 81, 40, 28"
Rajdhani Day,02/06/2025,"4, 7","3, 9","362, 247, 170, 128","08, 49, 78, 33, 55, 36, 15, 34, 29, 42"
Kalyan,02/06/2025,"4, 1","4, 8","160, 240, 241, 159","44, 18, 74, 98, 14, 96, 39, 92, 06, 89"
Milan Night,02/06/2025,"3, 3","6, 2","582, 247, 246, 140","16, 35, 22, 34, 73, 31, 09, 42, 77, 05"
Rajdhani Night,02/06/2025,"4, 3","2, 8","190, 189, 247, 480","42, 38, 44, 33, 20, 31, 39, 69, 82, 52"
Main Bazar,02/06/2025,"4, 2","9, 6","559, 251, 561, 349","49, 64, 26, 20, 34, 10, 28, 48, 13, 22"
Time Bazar,04/06/2025,"2, 6","0, 8","992, 140, 138, 148","28, 96, 18, 60, 27, 79, 03, 71, 08, 30"
Milan Day,04/06/2025,"1, 7","7, 0","281, 138, 137, 280","17, 70, 68, 83, 02, 11, 16, 26, 08, 29"
Rajdhani Day,04/06/2025,"6, 7","0, 5","335, 603, 891, 336","60, 85, 75, 25, 68, 50, 18, 71, 53, 55"
Kalyan,04/06/2025,"2, 6","6, 7","258, 891, 892, 179","26, 27, 63, 58, 08, 24, 23, 02, 43, 93"
Milan Night,04/06/2025,"9, 4","3, 1","226, 158, 228, 290","93, 81, 42, 68, 85, 21, 96, 70, 65, 82"
Rajdhani Night,04/06/2025,"0, 5","9, 4","192, 258, 569, 190","99, 09, 43, 50, 04, 41, 05, 15, 24, 13"
Main Bazar,04/06/2025,"3, 2","7, 7","361, 118, 446, 158","37, 27, 09, 75, 36, 24, 99, 50, 12, 73"
Time Bazar,05/06/2025,"3, 2","9, 9","012, 018, 289, 778","39, 29, 05, 00, 90, 78, 11, 27, 19, 52"
Milan Day,05/06/2025,"2, 1","1, 6","056, 088, 236, 345","21, 07, 16, 37, 96, 71, 31, 64, 17, 02"
Rajdhani Day,05/06/2025,"6, 5","4, 0","019, 069, 149, 349","64, 90, 97, 52, 56, 29, 67, 53, 42, 35"
Kalyan,05/06/2025,"3, 5","1, 1","047, 344, 355, 456","34, 51, 81, 13, 19, 01, 94, 12, 99, 38"
Milan Night,05/06/2025,"1, 0","3, 9","018, 346, 479, 678","13, 29, 03, 42, 09, 27, 49, 14, 91, 96"
Rajdhani Night,05/06/2025,"5, 1","1, 9","078, 137, 234, 335","19, 51, 04, 13, 31, 41, 27, 00, 28, 90"
Main Bazar,05/06/2025,"9, 6","4, 4","018, 088, 158, 239","94, 64, 25, 23, 74, 37, 84, 30, 53, 51"
Time Bazar,07/06/2025,"7, 0","3, 7","025, 139, 179, 226","07, 73, 31, 13, 85, 71, 03, 35, 62, 54"
Milan Day,07/06/2025,"9, 1","8, 0","026, 027, 479, 678","98, 28, 19, 89, 78, 04, 92, 40, 29, 52"
Rajdhani Day,07/06/2025,"0, 6","2, 5","129, 168, 235, 457","02, 62, 97, 42, 55, 99, 70, 44, 45, 95"
Kalyan,07/06/2025,"0, 9","3, 6","457, 469, 569, 689","06, 93, 89, 70, 48, 78, 33, 96, 08, 31"
Milan Night,07/06/2025,"7, 0","9, 1","137, 145, 179, 478","68, 79, 75, 51, 29, 05, 62, 26, 31, 63"
Rajdhani Night,07/06/2025,"8, 5","3, 0","148, 159, 369, 389","83, 51, 20, 85, 78, 60, 31, 04, 09, 44"
Main Bazar,07/06/2025,"0, 3","0, 7","007, 067, 235, 569","00, 37, 05, 24, 36, 17, 63, 76, 13, 26"
Time Bazar,09/06/2025,"5, 4","7, 5","068, 078, 179, 267","55, 47, 72, 60, 41, 73, 38, 21, 30, 05"
Milan Day,09/06/2025,"2, 2","5, 5","129, 246, 249, 348","25, 26, 70, 19, 17, 82, 89, 95, 61, 08"
Rajdhani Day,09/06/2025,"0, 3","9, 7","019, 025, 058, 234","09, 47, 63, 39, 04, 59, 16, 15, 71, 12"
Kalyan,09/06/2025,"5, 2","1, 2","168, 489, 589","51, 22, 02, 46, 47, 00, 96, 17, 74, 97"
Milan Night,09/06/2025,"3, 7","1, 8","067, 459, 467, 777","78, 66, 39, 27, 38, 61, 40, 45, 49, 86"
Rajdhani Night,09/06/2025,"0, 9","0, 1","036, 118, 236, 479","00, 79, 91, 37, 40, 20, 42, 47, 66, 32"
Main Bazar,09/06/2025,"4, 3","9, 1","027, 338, 355, 399","49, 31, 95, 21, 94, 53, 65, 79, 34, 33"
Time Bazar,10/06/2025,"7, 2","1, 7","137, 269, 345, 359","77, 13, 21, 01, 52, 34, 47, 89, 49, 28"
Milan Day,10/06/2025,"7, 1","7, 2","034, 047, 057, 133","72, 15, 64, 87, 68, 63, 30, 47, 03, 09"
Rajdhani Day,10/06/2025,"9, 2","1, 1","001, 234, 255, 678","91, 21, 03, 46, 13, 02, 09, 93, 89, 16"
Kalyan,10/06/2025,"9, 2","7, 0","124, 126, 246, 578","97, 20, 24, 53, 59, 82, 27, 54, 67, 00"
Milan Night,10/06/2025,"6, 7","2, 3","057, 148, 259, 467","62, 19, 93, 74, 72, 06, 96, 40, 81, 89"
Rajdhani Night,10/06/2025,"0, 2","0, 3","147, 157, 244, 389","00, 23, 87, 34, 04, 96, 43, 47, 57, 82"
Main Bazar,10/06/2025,"7, 3","9, 7","003, 126, 179, 449","79, 67, 13, 31, 85, 66, 21, 49, 09, 03"
Time Bazar,11/06/2025,"3, 7","3, 9","012, 089, 234, 256","33, 85, 59, 77, 44, 67, 86, 43, 47, 40"
Milan Day,11/06/2025,"1, 2","2, 6","029, 237, 336, 349","12, 26, 94, 30, 11, 51, 68, 25, 29, 50"
Rajdhani Day,11/06/2025,"4, 7","0, 4","022, 059, 179, 389","84, 95, 70, 41, 42, 14, 15, 57, 12, 50"
Kalyan,11/06/2025,"7, 1","1, 2","119, 228, 245, 458","71, 52, 98, 11, 06, 33, 39, 63, 28, 21"
Milan Night,11/06/2025,"7, 1","9, 9","289, 377, 379, 489","59, 78, 42, 65, 85, 16, 22, 99, 63, 24"
Rajdhani Night,11/06/2025,"9, 0","6, 6","015, 045, 046, 123","96, 02, 06, 08, 74, 44, 83, 13, 48, 24"
Main Bazar,11/06/2025,"5, 6","4, 9","004, 144, 169, 267","54, 35, 63, 07, 69, 68, 56, 77, 33, 45"
Time Bazar,12/06/2025,"3, 7","0, 5","025, 113, 145, 337","30, 84, 79, 88, 04, 01, 35, 86, 02, 71"
Milan Day,12/06/2025,"0, 6","8, 7","037, 124, 169, 224","08, 85, 77, 38, 66, 69, 54, 99, 83, 22"
Rajdhani Day,12/06/2025,"2, 1","7, 3","057, 256, 458, 588","27, 42, 13, 01, 40, 65, 85, 02, 73, 83"
Kalyan,12/06/2025,"7, 6","2, 7","079, 089, 368, 589","27, 39, 72, 52, 69, 81, 31, 43, 86, 08"
Milan Night,12/06/2025,"7, 2","1, 5","005, 016, 038, 246","71, 25, 41, 04, 09, 02, 43, 47, 72, 51"
Rajdhani Night,12/06/2025,"9, 7","5, 9","014, 045, 089, 225","95, 79, 82, 54, 68, 26, 91, 15, 08, 55"
Main Bazar,12/06/2025,"8, 7","5, 3","017, 069, 359, 779","79, 85, 52, 34, 43, 03, 41, 67, 36, 87"
Time Bazar,13/06/2025,"0, 2","6, 5","069, 129, 466, 488","26, 49, 03, 95, 36, 44, 40, 02, 61, 72"
Milan Day,13/06/2025,"5, 2","3, 8","129, 357, 378, 788","58, 23, 02, 54, 78, 01, 56, 15, 80, 92"
Rajdhani Day,13/06/2025,"9, 3","4, 8","026, 059, 126, 247","98, 43, 34, 92, 67, 62, 55, 12, 03, 05"
Kalyan,13/06/2025,"7, 3","7, 0","058, 278, 299, 368","77, 33, 60, 04, 07, 98, 71, 70, 67, 31"
Milan Night,13/06/2025,"3, 6","2, 7","079, 138, 449, 689","68, 32, 67, 03, 64, 94, 27, 05, 28, 34"
Rajdhani Night,13/06/2025,"2, 5","5, 7","005, 089, 168, 255","25, 77, 59, 12, 53, 14, 04, 91, 64, 13"
Main Bazar,13/06/2025,"6, 9","0, 7","124, 234, 448, 479","67, 20, 90, 36, 78, 74, 37, 99, 84, 04"
Time Bazar,14/06/2025,"6, 1","4, 4","006, 013, 038, 257","11, 44, 64, 39, 00, 21, 31, 66, 97, 89"
Milan Day,14/06/2025,"6, 1","0, 3","277, 299, 337, 669","60, 13, 98, 49, 79, 38, 28, 54, 65, 91"
Rajdhani Day,14/06/2025,"3, 2","9, 0","018, 037, 138, 337","39, 20, 15, 14, 93, 35, 00, 81, 59, 96"
Kalyan,14/06/2025,"3, 5","2, 4","138, 249, 346, 789","32, 54, 74, 44, 45, 00, 69, 48, 86, 02"
Milan Night,14/06/2025,"5, 0","1, 5","078, 145, 245, 348","51, 05, 84, 92, 79, 22, 46, 90, 78, 23"
Rajdhani Night,14/06/2025,"2, 9","7, 5","066, 124, 144, 366","67, 95, 31, 41, 20, 72, 52, 45, 69, 24"
Main Bazar,14/06/2025,"9, 4","8, 4","004, 112, 144, 459","97, 26, 44, 58, 77, 65, 02, 95, 45, 35"
Time Bazar,16/06/2025,"7, 9","8, 1","016, 038, 099, 289","78, 91, 83, 08, 35, 63, 30, 96, 07, 81"
Milan Day,16/06/2025,"4, 9","6, 4","088, 248, 257, 289","86, 98, 88, 44, 26, 59, 58, 55, 83, 87"
Rajdhani Day,16/06/2025,"2, 8","3, 3","012, 157, 224, 589","83, 23, 99, 84, 73, 59, 96, 40, 09, 70"
Kalyan,16/06/2025,"6, 9","6, 0","015, 127, 135, 169","96, 31, 41, 47, 60, 65, 48, 04, 21, 94"
Milan Night,16/06/2025,"8, 8","1, 8","026, 224, 344, 468","81, 77, 88, 32, 61, 40, 22, 17, 70, 45"
Rajdhani Night,16/06/2025,"5, 4","7, 3","014, 034, 059, 166","53, 22, 43, 97, 39, 41, 90, 54, 58, 49"
Main Bazar,16/06/2025,"5, 3","9, 5","067, 069, 177, 199","29, 55, 14, 38, 62, 36, 94, 95, 50, 80"
Time Bazar,17/06/2025,"2, 4","3, 4","013, 068, 445, 688","44, 23, 80, 97, 35, 31, 19, 11, 37, 86"
Milan Day,17/06/2025,"2, 6","7, 5","016, 057, 456, 899","23, 16, 27, 92, 47, 28, 65, 41, 64, 03"
Rajdhani Day,17/06/2025,"1, 3","2, 1","003, 156, 579, 669","12, 31, 84, 40, 49, 62, 46, 63, 50, 51"
Kalyan,17/06/2025,"1, 5","6, 5","122, 159, 259, 669","21, 15, 16, 12, 49, 94, 59, 97, 04, 34"
Milan Night,17/06/2025,"7, 1","0, 2","146, 223, 499, 668","72, 10, 84, 16, 77, 03, 12, 22, 25, 61"
Rajdhani Night,17/06/2025,"1, 1","9, 7","016, 036, 047, 128","19, 17, 67, 45, 43, 84, 31, 00, 22, 33"
Main Bazar,17/06/2025,"3, 6","4, 9","018, 079, 238, 257","34, 69, 00, 04, 54, 63, 98, 91, 70, 13"
Time Bazar,18/06/2025,"9, 1","3, 1","012, 027, 056, 146","13, 91, 45, 75, 67, 56, 48, 59, 20, 30"
Milan Day,18/06/2025,"1, 4","5, 1","013, 227, 357, 489","45, 15, 61, 26, 60, 94, 70, 20, 99, 11"
Rajdhani Day,18/06/2025,"5, 9","2, 5","027, 129, 168, 889","52, 95, 88, 27, 72, 24, 09, 49, 74, 79"
Kalyan,18/06/2025,"5, 8","5, 6","159, 268, 456, 567","16, 55, 32, 58, 35, 47, 56, 60, 29, 85"
Milan Night,18/06/2025,"4, 2","0, 2","039, 059, 246, 578","40, 22, 37, 20, 51, 99, 59, 98, 50, 69"
Rajdhani Night,18/06/2025,"2, 6","4, 5","004, 014, 015, 228","24, 74, 77, 25, 09, 33, 53, 90, 16, 13"
Main Bazar,18/06/2025,"7, 4","4, 0","077, 133, 145, 158","70, 44, 14, 38, 42, 65, 68, 40, 79, 67"
Time Bazar,19/06/2025,"1, 5","6, 3","012, 038, 123, 168","53, 45, 46, 19, 03, 55, 67, 71, 98, 54"
Milan Day,19/06/2025,"4, 3","6, 2","067, 079, 167, 336","46, 39, 38, 32, 20, 26, 89, 01, 13, 29"
Rajdhani Day,19/06/2025,"1, 7","3, 0","133, 136, 256, 588","13, 07, 36, 41, 40, 73, 53, 72, 27, 28"
Kalyan,19/06/2025,"1, 7","2, 4","119, 248, 278, 679","12, 74, 06, 11, 71, 48, 78, 93, 51, 52"
Milan Night,19/06/2025,"7, 6","0, 1","123, 128, 179, 226","70, 64, 82, 26, 65, 00, 54, 21, 50, 25"
Rajdhani Night,19/06/2025,"1, 8","7, 7","134, 245, 359, 467","87, 08, 17, 13, 56, 52, 35, 50, 66, 79"
Main Bazar,19/06/2025,"5, 2","2, 2","048, 057, 249, 499","86, 56, 05, 22, 36, 32, 43, 08, 61, 58"
Time Bazar,20/06/2025,"6, 5","2, 7","258, 278, 358, 589","57, 09, 62, 47, 77, 56, 99, 64, 29, 11"
Milan Day,20/06/2025,"1, 0","7, 5","339, 449, 668, 678","15, 07, 21, 41, 52, 08, 94, 27, 77, 76"
Rajdhani Day,20/06/2025,"6, 4","0, 0","356, 448, 479, 569","60, 40, 46, 52, 80, 61, 67, 35, 07, 84"
Kalyan,20/06/2025,"1, 3","6, 1","024, 137, 399, 689","31, 16, 33, 67, 72, 04, 78, 40, 62, 90"
Milan Night,20/06/2025,"9, 1","3, 3","067, 128, 256, 478","06, 93, 43, 13, 39, 19, 88, 02, 34, 36"
Rajdhani Night,20/06/2025,"8, 0","2, 8","035, 138, 189, 235","82, 08, 44, 22, 04, 94, 73, 91, 35, 13"
Main Bazar,20/06/2025,"8, 5","1, 9","224, 267, 289, 399","81, 59, 03, 10, 08, 21, 31, 47, 74, 73"
Time Bazar,21/06/2025,"0, 6","2, 9","114, 126, 129, 389","29, 69, 02, 37, 07, 86, 56, 54, 13, 30"
Milan Day,21/06/2025,"0, 6","4, 5","014, 127, 169, 266","04, 92, 65, 02, 94, 40, 49, 58, 19, 81"
Rajdhani Day,21/06/2025,"5, 1","9, 4","047, 144, 348, 356","58, 99, 59, 10, 14, 12, 31, 00, 94, 55"
Kalyan,21/06/2025,"6, 5","8, 2","039, 134, 277, 456","62, 58, 54, 17, 63, 14, 68, 29, 43, 55"
Milan Night,21/06/2025,"7, 7","8, 1","025, 116, 146, 458","78, 71, 02, 31, 51, 53, 44, 23, 90, 89"
Rajdhani Night,21/06/2025,"3, 4","2, 3","058, 059, 067, 255","32, 41, 43, 48, 76, 65, 68, 04, 10, 97"
Main Bazar,21/06/2025,"8, 5","1, 9","224, 267, 289, 399","59, 81, 10, 03, 76, 31, 08, 47, 96, 14"
Time Bazar,23/06/2025,"2, 6","0, 7","037, 336, 448, 467","20, 68, 57, 35, 81, 75, 47, 51, 11, 99"
Milan Day,23/06/2025,"6, 9","5, 7","069, 114, 377, 667","65, 85, 57, 41, 97, 74, 59, 47, 96, 79"
Rajdhani Day,23/06/2025,"4, 1","9, 5","018, 078, 146, 789","49, 15, 10, 36, 92, 51, 13, 46, 59, 77"
Kalyan,23/06/2025,"7, 4","7, 9","077, 225, 458, 467","77, 89, 12, 33, 41, 49, 63, 54, 92, 40"
Milan Night,23/06/2025,"9, 2","6, 3","088, 345, 469, 779","95, 45, 26, 91, 53, 62, 28, 67, 90, 66"
Rajdhani Night,23/06/2025,"1, 7","5, 1","146, 249, 467, 579","01, 75, 19, 47, 04, 94, 10, 72, 42, 06"
Main Bazar,23/06/2025,"7, 8","1, 1","026, 034, 489, 588","71, 88, 67, 19, 35, 38, 31, 94, 81, 99"
Time Bazar,24/06/2025,"5, 2","4, 3","014, 057, 058, 167","54, 23, 52, 34, 09, 43, 50, 62, 30, 72"
Milan Day,24/06/2025,"4, 5","4, 3","013, 077, 456, 788","44, 55, 16, 40, 93, 89, 99, 25, 56, 39"
Rajdhani Day,24/06/2025,"6, 6","4, 9","006, 079, 126, 347","64, 09, 68, 05, 16, 51, 79, 57, 50, 42"
Kalyan,24/06/2025,"2, 5","0, 1","147, 335, 348, 677","20, 02, 00, 35, 53, 21, 31, 33, 80, 01"
Milan Night,24/06/2025,"4, 4","5, 2","248, 257, 258, 345","42, 88, 95, 45, 74, 96, 39, 57, 15, 04"
Rajdhani Night,24/06/2025,"6, 0","0, 4","266, 389, 556, 677","60, 65, 45, 82, 04, 34, 62, 55, 58, 67"
Main Bazar,24/06/2025,"3, 5","9, 4","256, 266, 667, 889","39, 83, 72, 94, 36, 97, 13, 57, 38, 58"
Time Bazar,25/06/2025,"3, 5","2, 6","006, 058, 258, 589","32, 56, 53, 94, 83, 66, 33, 08, 69, 19"
Milan Day,25/06/2025,"4, 9","1, 9","036, 245, 478, 789","41, 29, 94, 40, 12, 76, 51, 31, 95, 96"
Rajdhani Day,25/06/2025,"4, 5","8, 2","017, 347, 357, 679","42, 50, 46, 88, 95, 52, 82, 16, 40, 38"
Kalyan,25/06/2025,"8, 2","5, 6","122, 169, 345, 369","86, 25, 65, 90, 93, 24, 55, 11, 35, 83"
Milan Night,25/06/2025,"0, 9","4, 1","004, 038, 046, 126","04, 91, 26, 74, 60, 11, 28, 77, 81, 02"
Rajdhani Night,25/06/2025,"5, 1","7, 5","034, 456, 588, 799","57, 15, 61, 09, 21, 78, 41, 75, 24, 08"
Main Bazar,25/06/2025,"1, 3","5, 7","179, 258, 489, 689","15, 47, 38, 58, 03, 52, 78, 04, 37, 71"
Time Bazar,26/06/2025,"6, 8","6, 3","017, 139, 358, 457","66, 83, 13, 17, 33, 68, 25, 07, 03, 34"
Milan Day,26/06/2025,"3, 4","0, 0","067, 145, 149, 479","80, 75, 01, 31, 40, 26, 39, 65, 02, 29"
Rajdhani Day,26/06/2025,"1, 4","0, 5","023, 136, 245, 257","40, 55, 15, 64, 80, 86, 36, 20, 28, 10"
Kalyan,26/06/2025,"5, 7","7, 4","248, 278, 377, 456","57, 74, 98, 23, 78, 53, 26, 14, 41, 81"
Milan Night,26/06/2025,"7, 6","9, 4","123, 269, 289, 347","21, 59, 79, 64, 54, 61, 29, 60, 07, 50"
Rajdhani Night,26/06/2025,"7, 0","6, 2","127, 156, 169, 269","76, 46, 92, 31, 83, 45, 71, 00, 28, 77"
Main Bazar,26/06/2025,"5, 3","8, 8","017, 122, 148, 459","58, 81, 32, 22, 78, 97, 61, 48, 25, 18"
Time Bazar,27/06/2025,"5, 9","9, 9","225, 234, 456, 469","99, 59, 86, 19, 20, 66, 14, 46, 25, 01"
Milan Day,27/06/2025,"3, 9","0, 1","166, 245, 469, 479","30, 91, 06, 09, 41, 27, 99, 71, 31, 61"
Rajdhani Day,27/06/2025,"2, 5","1, 3","014, 047, 049, 688","23, 71, 41, 56, 16, 10, 80, 83, 77, 73"
Kalyan,27/06/2025,"9, 3","3, 3","058, 139, 247, 559","93, 33, 39, 59, 42, 17, 44, 25, 28, 54"
Milan Night,27/06/2025,"0, 0","2, 5","023, 118, 127, 345","02, 05, 59, 10, 39, 19, 85, 15, 65, 28"
Rajdhani Night,27/06/2025,"5, 3","2, 1","236, 256, 348, 679","38, 52, 31, 63, 42, 45, 71, 49, 36, 21"
Main Bazar,27/06/2025,"8, 3","1, 2","038, 049, 134, 156","31, 80, 02, 59, 52, 37, 58, 95, 48, 82"
Time Bazar,28/06/2025,"1, 1","1, 1","047, 128, 146, 335","11, 81, 19, 41, 06, 22, 16, 31, 72, 85"
Milan Day,28/06/2025,"0, 4","4, 6","277, 578, 699","04, 91, 43, 88, 83, 44, 66, 79, 18, 98"
Rajdhani Day,28/06/2025,"4, 2","2, 2","011, 068, 156, 345","42, 22, 01, 70, 96, 18, 60, 71, 31, 26"
Kalyan,28/06/2025,"5, 5","6, 1","069, 259, 579, 889","56, 04, 67, 71, 24, 53, 89, 16, 70, 07"
Milan Night,28/06/2025,"2, 3","1, 2","002, 039, 049, 137","32, 21, 13, 09, 17, 80, 72, 84, 96, 64"
Rajdhani Night,28/06/2025,"0, 6","9, 7","009, 024, 046, 124","09, 67, 37, 03, 23, 54, 20, 56, 75, 62"
Main Bazar,28/06/2025,"1, 9","9, 1","018, 047, 227, 478","19, 40, 61, 76, 04, 17, 64, 48, 18, 53"
Time Bazar,30/06/2025,"6, 2","5, 0","066, 078, 299, 358","65, 24, 80, 69, 73, 77, 89, 17, 30, 47"
Milan Day,30/06/2025,"8, 2","9, 7","179, 234, 246, 369","10, 94, 89, 23, 53, 40, 27, 34, 88, 69"
Rajdhani Day,30/06/2025,"2, 7","9, 1","039, 135, 236, 467","74, 29, 61, 80, 65, 19, 24, 92, 56, 98"
Kalyan,30/06/2025,"8, 7","1, 5","047, 134, 267, 359","80, 71, 15, 98, 95, 08, 79, 41, 64, 55"
Milan Night,30/06/2025,"2, 9","7, 0","007, 144, 578, 679","27, 90, 44, 93, 64, 67, 70, 81, 95, 72"
Rajdhani Night,30/06/2025,"4, 5","3, 1","014, 139, 158, 489","43, 57, 21, 90, 51, 28, 68, 08, 72, 49"
Main Bazar,30/06/2025,"4, 3","4, 5","013, 166, 267, 789","80, 34, 45, 40, 39, 69, 23, 53, 15, 44"
Time Bazar,01/07/2025,"1, 7","4, 1","038, 359, 446, 489","11, 84, 77, 21, 81, 44, 78, 85, 46, 94"
Milan Day,01/07/2025,"7, 3","2, 4","034, 057, 337, 347","72, 68, 30, 94, 80, 29, 97, 64, 75, 89"
Rajdhani Day,01/07/2025,"7, 8","2, 2","002, 089, 125, 129","72, 82, 54, 12, 36, 71, 06, 80, 98, 15"
Kalyan,01/07/2025,"2, 6","1, 4","158, 335, 466, 589","21, 67, 02, 91, 80, 62, 74, 30, 28, 23"
Milan Night,01/07/2025,"1, 7","2, 9","045, 129, 467, 588","72, 19, 96, 45, 32, 37, 51, 25, 93, 66"
Rajdhani Night,01/07/2025,"1, 5","1, 8","056, 078, 128, 189","11, 25, 18, 58, 02, 40, 12, 17, 57, 54"
Main Bazar,01/07/2025,"0, 4","3, 1","158, 299, 355, 399","03, 46, 41, 37, 42, 05, 20, 83, 59, 00"
Time Bazar,02/07/2025,"4, 4","0, 5","068, 136, 347, 447","40, 45, 55, 01, 61, 13, 74, 91, 54, 05"
Milan Day,02/07/2025,"2, 2","8, 9","224, 336, 577, 679","77, 29, 08, 20, 51, 34, 09, 41, 04, 33"
Rajdhani Day,02/07/2025,"9, 1","2, 7","066, 135, 227, 368","97, 17, 75, 42, 62, 50, 41, 43, 37, 15"
Kalyan,02/07/2025,"5, 3","3, 7","012, 025, 078, 247","53, 08, 33, 47, 80, 95, 45, 07, 54, 78"
Milan Night,02/07/2025,"9, 1","3, 9","001, 036, 049, 126","13, 99, 14, 53, 65, 15, 23, 66, 59, 93"
Rajdhani Night,02/07/2025,"8, 5","9, 2","045, 249, 468, 679","52, 89, 69, 44, 15, 07, 21, 13, 31, 90"
Main Bazar,02/07/2025,"7, 6","1, 0","056, 089, 114, 127","71, 60, 72, 79, 16, 05, 52, 28, 99, 90"
Time Bazar,03/07/2025,"8, 5","2, 0","008, 127, 589, 889","88, 00, 52, 71, 30, 45, 92, 79, 31, 84"
Milan Day,03/07/2025,"9, 3","9, 1","012, 045, 126, 669","99, 31, 57, 87, 82, 16, 12, 11, 44, 28"
Rajdhani Day,03/07/2025,"2, 0","0, 8","039, 145, 189, 479","28, 31, 80, 64, 86, 07, 10, 82, 33, 55"
Kalyan,03/07/2025,"5, 4","9, 4","069, 158, 167, 667","59, 44, 39, 69, 30, 81, 84, 83, 23, 19"
Milan Night,03/07/2025,"5, 2","6, 6","114, 129, 178, 249","16, 56, 01, 57, 29, 13, 99, 46, 78, 79"
Rajdhani Night,03/07/2025,"9, 6","0, 5","027, 159, 358, 479","90, 65, 83, 41, 63, 93, 44, 45, 52, 28"
Main Bazar,03/07/2025,"5, 7","1, 4","022, 023, 269, 335","51, 71, 11, 90, 72, 34, 60, 30, 01, 41"
Time Bazar,04/07/2025,"9, 4","3, 9","126, 238, 257, 577","93, 49, 52, 03, 67, 81, 56, 72, 66, 61"
Milan Day,04/07/2025,"9, 0","1, 4","136, 239, 379, 678","95, 01, 64, 99, 78, 98, 39, 31, 33, 34"
Rajdhani Day,04/07/2025,"3, 8","8, 4","017, 125, 167, 779","38, 84, 77, 95, 25, 01, 27, 00, 28, 65"
Kalyan,04/07/2025,"1, 7","8, 0","146, 288, 449, 479","18, 70, 33, 77, 81, 28, 71, 19, 16, 73"
Milan Night,04/07/2025,"4, 9","2, 9","059, 126, 246, 478","92, 49, 08, 82, 13, 69, 89, 68, 31, 28"
Rajdhani Night,04/07/2025,"3, 5","8, 6","189, 247, 349, 456","38, 36, 53, 52, 39, 37, 17, 42, 93, 69"
Main Bazar,04/07/2025,"3, 9","9, 4","027, 058, 059, 126","39, 95, 28, 94, 70, 93, 40, 65, 52, 30"
Time Bazar,05/07/2025,"1, 5","4, 0","159, 245, 446, 488","14, 10, 58, 27, 43, 98, 77, 60, 61, 02"
Milan Day,05/07/2025,"0, 2","6, 1","028, 047, 057, 466","81, 28, 06, 63, 78, 49, 38, 55, 94, 93"
Rajdhani Day,05/07/2025,"7, 7","5, 7","159, 179, 269, 278","75, 77, 83, 51, 70, 01, 80, 49, 55, 91"
Kalyan,05/07/2025,"4, 2","8, 9","134, 135, 248, 499","49, 28, 82, 07, 18, 99, 02, 46, 97, 26"
Milan Night,05/07/2025,"1, 4","5, 5","056, 248, 267, 357","45, 15, 38, 82, 96, 80, 43, 23, 91, 35"
Rajdhani Night,05/07/2025,"1, 9","5, 3","126, 137, 247, 456","15, 93, 02, 47, 41, 23, 25, 86, 19, 62"
Main Bazar,05/07/2025,"3, 7","9, 0","049, 126, 127, 179","30, 79, 13, 23, 72, 40, 36, 65, 81, 70"
Time Bazar,07/07/2025,"7, 5","3, 5","025, 078, 148, 267","73, 55, 63, 47, 41, 82, 92, 83, 51, 09"
Milan Day,07/07/2025,"2, 1","4, 5","056, 077, 246, 249","25, 14, 19, 82, 17, 70, 51, 26, 95, 23"
Rajdhani Day,07/07/2025,"3, 3","0, 8","003, 049, 134, 235","30, 38, 33, 66, 20, 71, 15, 28, 99, 98"
Kalyan,07/07/2025,"9, 3","2, 2","157, 336, 469, 688","62, 92, 43, 98, 45, 86, 76, 13, 30, 00"
Milan Night,07/07/2025,"1, 3","0, 3","056, 145, 346, 788","13, 48, 60, 91, 25, 90, 77, 50, 39, 26"
Rajdhani Night,07/07/2025,"4, 4","7, 2","356, 455, 467, 778","42, 47, 52, 94, 46, 23, 27, 55, 51, 62"
Main Bazar,07/07/2025,"3, 6","2, 4","039, 178, 247, 699","64, 32, 10, 98, 50, 88, 03, 85, 66, 38"
Time Bazar,08/07/2025,"3, 8","3, 1","038, 125, 139, 247","52, 33, 43, 50, 81, 54, 61, 24, 23, 20"
Milan Day,08/07/2025,"5, 2","3, 3","012, 067, 339, 345","43, 53, 36, 29, 56, 22, 40, 41, 13, 72"
Rajdhani Day,08/07/2025,"0, 1","7, 4","167, 179, 236, 334","07, 14, 61, 12, 05, 88, 09, 32, 75, 04"
Kalyan,08/07/2025,"2, 4","8, 0","138, 149, 279, 569","28, 40, 15, 62, 26, 10, 96, 73, 74, 76"
Milan Night,08/07/2025,"4, 9","9, 8","018, 026, 027, 356","49, 79, 98, 31, 47, 68, 39, 62, 61, 27"
Rajdhani Night,08/07/2025,"5, 1","3, 3","014, 238, 445, 579","53, 11, 00, 82, 60, 63, 76, 75, 20, 72"
Main Bazar,08/07/2025,"6, 9","6, 7","133, 144, 169, 268","66, 98, 93, 45, 77, 11, 26, 92, 10, 47"
Time Bazar,09/07/2025,"9, 6","7, 3","058, 135, 259, 269","71, 93, 77, 67, 57, 88, 63, 66, 01, 61"
Milan Day,09/07/2025,"6, 2","2, 3","066, 499, 689, 899","62, 23, 29, 09, 34, 69, 31, 08, 85, 77"
Rajdhani Day,09/07/2025,"7, 8","4, 9","188, 233, 248, 478","74, 89, 64, 43, 22, 32, 10, 65, 52, 23"
Kalyan,09/07/2025,"5, 2","9, 7","018, 359, 366, 499","79, 20, 57, 90, 88, 55, 64, 60, 10, 16"
Milan Night,09/07/2025,"2, 1","2, 1","011, 029, 146, 156","24, 12, 81, 99, 52, 85, 70, 16, 78, 42"
Rajdhani Night,09/07/2025,"5, 1","7, 5","025, 047, 078, 366","57, 15, 95, 18, 58, 59, 48, 82, 08, 70"
Main Bazar,09/07/2025,"4, 2","0, 8","013, 037, 237, 459","40, 20, 63, 67, 89, 38, 14, 24, 27, 35"
Time Bazar,10/07/2025,"1, 1","2, 8","002, 017, 137, 489","12, 98, 45, 19, 68, 91, 73, 87, 31, 14"
Milan Day,10/07/2025,"4, 5","0, 4","004, 113, 149, 479","48, 40, 54, 26, 18, 80, 95, 05, 70, 99"
Rajdhani Day,10/07/2025,"0, 7","4, 1","034, 047, 244, 789","04, 71, 84, 29, 97, 64, 11, 31, 14, 51"
Kalyan,10/07/2025,"0, 5","5, 7","028, 069, 124","05, 57, 41, 91, 00, 11, 60, 40, 18, 78"
Milan Night,10/07/2025,"1, 5","6, 6","079, 114, 155, 249","16, 29, 99, 60, 57, 01, 08, 25, 45, 49"
Rajdhani Night,10/07/2025,"5, 6","9, 7","045, 079, 168, 188","59, 98, 67, 68, 30, 41, 82, 33, 86, 52"
Main Bazar,10/07/2025,"2, 3","3, 4","022, 067, 139, 147","23, 94, 34, 03, 11, 28, 82, 72, 58, 18"
Time Bazar,11/07/2025,"8, 6","4, 2","017, 237, 349, 699","84, 48, 62, 77, 33, 04, 59, 03, 15, 85"
Milan Day,11/07/2025,"0, 7","8, 8","017, 089, 134, 668","78, 08, 17, 35, 71, 86, 85, 18, 01, 39"
Rajdhani Day,11/07/2025,"8, 6","5, 4","004, 008, 023, 556","85, 67, 50, 80, 41, 24, 03, 21, 90, 06"
Kalyan,11/07/2025,"3, 3","0, 6","058, 088, 247, 389","30, 86, 76, 55, 38, 89, 87, 25, 28, 83"
Milan Night,11/07/2025,"6, 5","9, 5","178, 249, 258, 289","65, 89, 57, 02, 41, 97, 79, 98, 18, 31"
Rajdhani Night,11/07/2025,"4, 1","4, 5","168, 248, 489, 789","44, 91, 82, 15, 35, 33, 74, 68, 13, 49"
Main Bazar,11/07/2025,"4, 9","9, 6","015, 135, 248, 559","49, 96, 20, 61, 55, 03, 09, 02, 34, 35"
Time Bazar,12/07/2025,"6, 3","4, 1","128, 247, 277, 356","64, 31, 43, 36, 55, 77, 00, 08, 44, 50"
Milan Day,12/07/2025,"5, 3","5, 4","249, 357, 455, 599","55, 91, 54, 37, 44, 79, 04, 35, 77, 88"
Rajdhani Day,12/07/2025,"3, 2","3, 6","067, 138, 229, 367","33, 36, 14, 09, 02, 01, 96, 23, 76, 65"
Kalyan,12/07/2025,"2, 1","8, 2","029, 134, 345, 499","28, 12, 98, 07, 75, 48, 14, 49, 27, 60"
Milan Night,12/07/2025,"0, 6","8, 4","013, 145, 169, 369","08, 64, 73, 68, 38, 72, 27, 34, 43, 42"
Rajdhani Night,12/07/2025,"3, 5","2, 1","058, 128, 177, 246","41, 52, 31, 24, 39, 49, 09, 20, 95, 54"
Main Bazar,12/07/2025,"0, 0","2, 3","299, 346, 479, 679","02, 03, 76, 20, 55, 09, 49, 31, 61, 34"
Time Bazar,14/07/2025,"3, 4","0, 4","158, 167, 244, 689","30, 94, 46, 55, 95, 51, 24, 73, 64, 63"
Milan Day,14/07/2025,"5, 0","6, 7","006, 223, 226, 357","57, 55, 06, 50, 34, 37, 76, 83, 38, 63"
Rajdhani Day,14/07/2025,"4, 4","5, 6","013, 078, 446, 448","45, 12, 42, 26, 25, 80, 13, 04, 10, 85"
Kalyan,14/07/2025,"5, 7","6, 1","056, 249, 259, 278","76, 51, 16, 82, 55, 27, 45, 66, 09, 54"
Milan Night,14/07/2025,"6, 9","0, 4","145, 446, 457, 568","60, 05, 14, 96, 01, 25, 91, 42, 23, 90"
Rajdhani Night,14/07/2025,"4, 5","3, 4","013, 069, 139, 356","49, 53, 54, 23, 43, 07, 65, 98, 34, 00"
Main Bazar,14/07/2025,"7, 9","5, 8","014, 144, 359, 378","75, 93, 10, 68, 89, 48, 57, 99, 18, 39"
Time Bazar,15/07/2025,"5, 1","0, 2","047, 069, 129, 244","10, 52, 28, 89, 85, 72, 65, 26, 95, 06"
Milan Day,15/07/2025,"8, 1","9, 3","117, 119, 567, 689","89, 15, 72, 77, 63, 68, 47, 64, 97, 02"
Rajdhani Day,15/07/2025,"6, 8","1, 5","099, 267, 268, 669","61, 85, 90, 54, 80, 05, 01, 27, 32, 12"
Kalyan,15/07/2025,"1, 2","4, 0","048, 128, 167, 299","14, 33, 25, 43, 50, 26, 87, 63, 89, 71"
Milan Night,15/07/2025,"3, 1","2, 6","119, 246, 358, 445","32, 06, 12, 72, 98, 03, 66, 77, 68, 19"
Rajdhani Night,15/07/2025,"5, 1","3, 3","012, 047, 049, 078","86, 13, 53, 68, 66, 04, 38, 40, 81, 71"
Main Bazar,15/07/2025,"7, 5","1, 7","038, 115, 269, 889","70, 26, 57, 61, 58, 75, 43, 49, 52, 16"
Time Bazar,16/07/2025,"4, 4","4, 4","167, 347, 356","44, 15, 80, 01, 97, 16, 63, 07, 94, 18"
Milan Day,16/07/2025,"6, 9","2, 5","048, 177, 388, 556","62, 95, 30, 05, 39, 17, 49, 63, 18, 90"
Rajdhani Day,16/07/2025,"0, 4","0, 9","036, 055, 248, 389","40, 09, 47, 28, 08, 90, 83, 14, 65, 99"
Kalyan,16/07/2025,"2, 1","9, 7","002, 029, 269, 577","29, 87, 86, 56, 71, 49, 12, 93, 16, 57"
Milan Night,16/07/2025,"2, 3","4, 2","002, 011, 049, 266","24, 39, 72, 37, 68, 33, 81, 22, 91, 17"
Rajdhani Night,16/07/2025,"0, 3","6, 3","046, 088, 689","06, 33, 97, 52, 50, 63, 31, 13, 99, 01"
Main Bazar,16/07/2025,"7, 7","5, 2","089, 249, 278, 688","42, 76, 85, 72, 37, 82, 97, 89, 55, 05"
Time Bazar,17/07/2025,"7, 9","8, 2","026, 034, 333, 589","78, 92, 81, 53, 40, 50, 94, 09, 03, 79"
Milan Day,17/07/2025,"7, 1","3, 8","026, 115, 128, 689","13, 78, 54, 65, 64, 48, 98, 93, 11, 96"
Rajdhani Day,17/07/2025,"5, 1","5, 8","023, 044, 168, 489","05, 12, 58, 52, 27, 39, 34, 30, 69, 37"
Kalyan,17/07/2025,"6, 9","4, 0","136, 144, 268, 347","64, 73, 60, 62, 69, 90, 32, 20, 70, 56"
Milan Night,17/07/2025,"9, 0","5, 0","126, 127, 159, 479","95, 76, 06, 09, 12, 65, 81, 89, 40, 67"
Rajdhani Night,17/07/2025,"1, 3","2, 9","047, 139, 147, 289","39, 99, 82, 18, 13, 66, 67, 48, 27, 46"
Main Bazar,17/07/2025,"4, 3","9, 8","013, 017, 018, 247","68, 69, 44, 03, 61, 30, 59, 05, 56, 33"
Time Bazar,19/07/2025,"8, 7","8, 6","008, 033, 279, 449","88, 76, 43, 27, 90, 60, 47, 34, 93, 42"
Milan Day,19/07/2025,"6, 4","8, 2","059, 123, 189, 499","48, 62, 61, 06, 03, 29, 49, 94, 36, 35"
Rajdhani Day,19/07/2025,"2, 1","2, 5","039, 119, 168, 679","25, 12, 45, 00, 67, 22, 66, 72, 40, 29"
Kalyan,19/07/2025,"0, 5","1, 8","113, 236, 378, 479","01, 56, 36, 98, 03, 07, 96, 19, 82, 91"
Milan Night,19/07/2025,"8, 2","6, 3","012, 079, 134, 345","86, 23, 61, 96, 81, 89, 31, 82, 46, 91"
Rajdhani Night,19/07/2025,"9, 7","0, 0","016, 117, 244, 479","90, 70, 28, 24, 14, 51, 83, 18, 09, 17"
Main Bazar,19/07/2025,"2, 2","2, 5","129, 147, 348, 688","65, 22, 24, 36, 34, 17, 61, 67, 69, 48"
Time Bazar,21/07/2025,"9, 7","0, 4","025, 028, 126, 239","94, 70, 06, 41, 95, 92, 25, 02, 83, 78"
Milan Day,21/07/2025,"8, 8","1, 8","017, 047, 099, 558","81, 88, 07, 00, 21, 95, 26, 52, 06, 66"
Rajdhani Day,21/07/2025,"4, 7","2, 9","059, 246, 269, 478","42, 99, 77, 44, 59, 72, 56, 58, 43, 63"
Kalyan,21/07/2025,"4, 6","8, 3","033, 148, 158, 288","48, 94, 54, 07, 43, 42, 03, 63, 79, 86"
Milan Night,21/07/2025,"9, 0","1, 5","037, 126, 399, 447","91, 05, 86, 26, 81, 01, 48, 39, 04, 70"
Rajdhani Night,21/07/2025,"1, 5","3, 2","047, 166, 228, 339","12, 03, 50, 94, 98, 30, 60, 75, 63, 85"
Main Bazar,21/07/2025,"3, 1","8, 9","067, 189, 234, 489","38, 19, 40, 11, 94, 58, 50, 20, 62, 28"
Time Bazar,22/07/2025,"5, 3","9, 3","144, 256, 267, 346","59, 61, 09, 33, 14, 97, 41, 25, 19, 50"
Milan Day,22/07/2025,"0, 8","8, 6","118, 178, 189, 477","08, 95, 86, 74, 61, 33, 94, 16, 39, 53"
Rajdhani Day,22/07/2025,"9, 4","9, 9","009, 135, 149, 289","99, 49, 95, 47, 96, 30, 88, 44, 71, 54"
Kalyan,22/07/2025,"1, 5","0, 4","128, 167, 299, 456","24, 14, 50, 27, 36, 08, 97, 58, 75, 43"
Milan Night,22/07/2025,"0, 7","4, 8","055, 179, 266, 567","04, 68, 78, 12, 48, 69, 60, 95, 51, 94"
Rajdhani Night,22/07/2025,"9, 5","1, 8","044, 078, 236, 568","98, 53, 54, 01, 61, 94, 02, 77, 28, 41"
Main Bazar,22/07/2025,"7, 8","6, 3","003, 015, 124, 288","76, 88, 81, 53, 34, 61, 47, 23, 14, 13"
Time Bazar,23/07/2025,"6, 9","7, 0","027, 037, 188, 358","67, 80, 91, 45, 72, 87, 15, 77, 47, 74"
Milan Day,23/07/2025,"3, 3","9, 1","009, 012, 137, 346","76, 38, 89, 31, 96, 19, 22, 28, 17, 09"
Rajdhani Day,23/07/2025,"8, 6","1, 4","008, 137, 556, 789","81, 64, 35, 89, 37, 56, 16, 47, 12, 29"
Kalyan,23/07/2025,"1, 6","0, 4","047, 055, 349, 699","10, 64, 96, 83, 97, 27, 84, 14, 21, 55"
Milan Night,23/07/2025,"0, 6","5, 1","024, 226, 236, 456","05, 61, 33, 85, 15, 03, 39, 43, 14, 44"
Rajdhani Night,23/07/2025,"0, 8","5, 3","069, 166, 226, 369","03, 86, 99, 60, 85, 33, 06, 62, 59, 77"
Main Bazar,23/07/2025,"1, 5","6, 5","015, 128, 168, 267","16, 55, 13, 38, 97, 25, 02, 06, 72, 04"
Time Bazar,24/07/2025,"8, 2","4, 4","048, 167, 248, 279","84, 54, 28, 12, 13, 10, 25, 17, 24, 31"
Milan Day,24/07/2025,"3, 1","8, 0","127, 155, 166, 233","38, 18, 63, 70, 06, 58, 67, 11, 28, 20"
Rajdhani Day,24/07/2025,"9, 0","2, 5","046, 289, 345, 447","92, 35, 79, 05, 02, 95, 22, 31, 26, 23"
Kalyan,24/07/2025,"8, 5","9, 1","014, 045, 125, 678","59, 81, 57, 52, 68, 53, 86, 16, 69, 56"
Milan Night,24/07/2025,"0, 2","4, 0","028, 147, 299, 347","04, 20, 41, 32, 84, 76, 16, 36, 53, 13"
Rajdhani Night,24/07/2025,"9, 6","7, 4","016, 018, 059, 277","67, 97, 11, 54, 10, 01, 12, 53, 25, 39"
Main Bazar,24/07/2025,"2, 6","8, 4","088, 224, 239, 345","28, 64, 66, 30, 45, 69, 94, 32, 14, 15"
Time Bazar,25/07/2025,"2, 2","0, 5","011, 156, 249, 677","20, 25, 79, 19, 57, 12, 51, 09, 11, 29"
Milan Day,25/07/2025,"8, 9","7, 8","045, 467, 567","87, 08, 98, 99, 49, 45, 17, 20, 01, 92"
Rajdhani Day,25/07/2025,"9, 5","6, 1","038, 168, 349, 559","96, 99, 51, 26, 67, 16, 14, 34, 09, 33"
Kalyan,25/07/2025,"7, 7","4, 3","013, 359, 368, 689","74, 73, 70, 81, 89, 23, 67, 19, 87, 36"
Milan Night,25/07/2025,"1, 8","5, 8","137, 279, 378, 889","15, 88, 10, 14, 05, 46, 94, 90, 79, 40"
Rajdhani Night,25/07/2025,"3, 5","5, 4","014, 149, 157, 267","35, 24, 58, 53, 54, 09, 39, 03, 90, 04"
Main Bazar,25/07/2025,"8, 6","9, 1","224, 349, 399, 559","69, 81, 64, 02, 14, 96, 09, 28, 61, 59"
Time Bazar,26/07/2025,"9, 6","8, 9","017, 126, 448, 478","98, 69, 74, 58, 00, 62, 70, 13, 48, 40"
Milan Day,26/07/2025,"6, 4","4, 9","117, 123, 248, 257","62, 78, 28, 49, 32, 35, 94, 39, 63, 36"
Rajdhani Day,26/07/2025,"4, 0","9, 1","068, 126, 235, 335","09, 40, 60, 38, 99, 07, 48, 84, 82, 41"
Kalyan,26/07/2025,"0, 9","4, 8","068, 135, 189, 235","04, 18, 93, 31, 45, 03, 91, 64, 67, 07"
Milan Night,26/07/2025,"9, 9","1, 6","137, 268, 478, 559","96, 91, 86, 31, 25, 04, 27, 56, 18, 29"
Rajdhani Night,26/07/2025,"4, 6","4, 3","058, 059, 248, 349","04, 60, 53, 46, 78, 20, 83, 69, 09, 43"
Main Bazar,26/07/2025,"7, 1","8, 0","017, 146, 368, 578","78, 04, 98, 87, 93, 84, 10, 99, 40, 43"
Time Bazar,28/07/2025,"5, 3","8, 8","035, 067, 258, 378","58, 98, 35, 37, 75, 29, 65, 99, 81, 47"
Milan Day,28/07/2025,"1, 0","7, 3","007, 012, 037, 056","17, 23, 19, 22, 04, 14, 59, 66, 25, 61"
Rajdhani Day,28/07/2025,"1, 2","1, 9","039, 117, 137, 669","21, 19, 33, 53, 00, 63, 31, 16, 44, 82"
Kalyan,28/07/2025,"2, 3","7, 4","089, 167, 337, 688","34, 27, 70, 54, 91, 05, 24, 22, 98, 61"
Milan Night,28/07/2025,"0, 4","5, 0","112, 136, 145, 168","05, 10, 40, 93, 85, 77, 58, 53, 32, 61"
Rajdhani Night,28/07/2025,"5, 8","9, 2","017, 156, 348, 478","79, 89, 52, 24, 40, 91, 20, 67, 99, 12"
Main Bazar,28/07/2025,"3, 0","1, 4","136, 355, 399, 699","01, 31, 80, 65, 07, 44, 26, 49, 34, 69"
Time Bazar,29/07/2025,"8, 6","6, 4","068, 088, 114, 369","86, 64, 93, 27, 53, 44, 23, 60, 83, 88"
Milan Day,29/07/2025,"2, 4","7, 1","246, 344, 347, 449","21, 47, 64, 28, 23, 36, 62, 26, 27, 29"
Rajdhani Day,29/07/2025,"3, 8","3, 3","067, 148, 256, 567","33, 83, 68, 59, 37, 07, 79, 56, 53, 60"
Kalyan,29/07/2025,"9, 3","2, 8","125, 256, 388, 688","92, 38, 55, 90, 74, 54, 21, 65, 06, 28"
Milan Night,29/07/2025,"3, 2","8, 2","026, 039, 049, 499","28, 32, 05, 23, 00, 15, 90, 49, 55, 06"
Rajdhani Night,29/07/2025,"1, 8","4, 5","004, 014, 236, 279","14, 22, 84, 35, 48, 81, 02, 66, 19, 80"
Main Bazar,29/07/2025,"7, 4","6, 5","014, 015, 124, 338","45, 76, 53, 88, 23, 47, 20, 81, 49, 34"
Time Bazar,30/07/2025,"5, 8","4, 2","177, 189, 237, 257","54, 62, 73, 02, 85, 98, 72, 79, 33, 05"
Milan Day,30/07/2025,"8, 0","0, 1","019, 233, 389, 399","80, 22, 62, 03, 58, 11, 81, 15, 26, 45"
Rajdhani Day,30/07/2025,"0, 7","5, 9","036, 055, 115, 168","75, 09, 90, 14, 39, 65, 17, 58, 32, 94"
Kalyan,30/07/2025,"2, 4","1, 1","013, 137, 138, 344","21, 37, 83, 51, 40, 18, 91, 10, 97, 55"
Milan Night,30/07/2025,"8, 9","2, 8","045, 156, 477, 558","82, 98, 68, 09, 00, 97, 40, 10, 37, 14"
Rajdhani Night,30/07/2025,"0, 2","1, 2","028, 128, 147, 228","01, 25, 27, 26, 12, 03, 41, 74, 75, 77"
Main Bazar,30/07/2025,"2, 6","7, 1","147, 269, 344, 367","20, 38, 63, 27, 01, 76, 47, 37, 79, 45"
Time Bazar,31/07/2025,"4, 3","6, 8","017, 157, 248, 556","46, 70, 78, 89, 45, 00, 36, 13, 67, 77"
Milan Day,31/07/2025,"2, 7","6, 1","033, 237, 245, 458","26, 71, 11, 13, 98, 37, 38, 54, 96, 10"
Rajdhani Day,31/07/2025,"0, 2","5, 9","057, 127, 357, 568","05, 28, 59, 48, 44, 66, 15, 34, 98, 06"
Kalyan,31/07/2025,"4, 5","7, 3","013, 115, 139, 159","47, 53, 57, 29, 42, 98, 71, 65, 26, 07"
Milan Night,31/07/2025,"3, 6","3, 5","049, 159, 256, 358","33, 65, 32, 88, 52, 27, 67, 89, 35, 20"
Rajdhani Night,31/07/2025,"1, 6","3, 8","017, 047, 157, 277","13, 68, 54, 10, 39, 82, 20, 12, 08, 01"
Main Bazar,31/07/2025,"1, 1","3, 1","038, 146, 256, 489","13, 91, 15, 81, 41, 35, 51, 45, 59, 57"
Time Bazar,01/08/2025,"3, 9","6, 2","058, 237, 358, 379","36, 09, 97, 67, 37, 62, 15, 05, 32, 16"
Milan Day,01/08/2025,"9, 7","8, 9","089, 099, 126, 135","98, 78, 79, 53, 10, 01, 02, 92, 21, 17"
Rajdhani Day,01/08/2025,"7, 3","4, 5","023, 034, 446, 689","74, 31, 23, 28, 68, 05, 76, 16, 43, 01"
Kalyan,01/08/2025,"4, 8","7, 9","007, 036, 077, 189","49, 87, 39, 92, 74, 82, 47, 73, 27, 64"
Milan Night,01/08/2025,"0, 1","3, 5","023, 056, 118, 247","13, 59, 08, 05, 99, 88, 18, 49, 10, 11"
Rajdhani Night,01/08/2025,"1, 3","3, 3","166, 247, 256, 399","13, 33, 39, 17, 38, 49, 08, 42, 76, 65"
Main Bazar,01/08/2025,"8, 3","4, 0","003, 266, 279, 488","84, 30, 93, 43, 14, 44, 78, 77, 58, 76"
Time Bazar,02/08/2025,"7, 9","0, 1","027, 127, 359, 399","70, 91, 69, 38, 37, 90, 86, 55, 63, 56"
Milan Day,02/08/2025,"6, 2","9, 1","066, 135, 399, 899","69, 01, 03, 60, 29, 16, 54, 26, 42, 41"
Rajdhani Day,02/08/2025,"9, 3","4, 7","016, 144, 337, 446","14, 94, 05, 32, 07, 13, 77, 24, 69, 45"
Kalyan,02/08/2025,"3, 3","6, 1","128, 169, 247, 779","36, 31, 33, 46, 93, 23, 87, 06, 45, 28"
Milan Night,02/08/2025,"8, 9","8, 6","008, 024, 224, 234","96, 88, 72, 29, 09, 57, 07, 10, 04, 59"
Rajdhani Night,02/08/2025,"4, 3","7, 7","034, 247, 266, 557","47, 37, 46, 66, 23, 45, 53, 52, 09, 39"
Main Bazar,02/08/2025,"4, 1","7, 2","004, 025, 029, 679","47, 12, 72, 93, 32, 16, 25, 64, 62, 20"
Time Bazar,04/08/2025,"0, 5","8, 0","224, 334, 366","06, 58, 50, 55, 44, 95, 70, 43, 65, 57"
Milan Day,04/08/2025,"8, 0","3, 3","012, 244, 355, 468","83, 53, 26, 02, 55, 39, 98, 88, 50, 76"
Rajdhani Day,04/08/2025,"8, 4","2, 4","048, 059, 125, 167","82, 52, 01, 24, 38, 40, 44, 79, 16, 69"
Kalyan,04/08/2025,"4, 2","4, 6","057, 248, 268, 789","44, 16, 83, 51, 80, 27, 59, 76, 45, 07"
Milan Night,04/08/2025,"8, 8","2, 9","027, 189, 255, 468","87, 82, 49, 00, 63, 39, 24, 40, 90, 73"
Rajdhani Night,04/08/2025,"2, 0","0, 1","118, 136, 246, 489","00, 21, 24, 85, 53, 43, 63, 79, 61, 05"
Main Bazar,04/08/2025,"0, 7","9, 6","289, 367, 377, 569","09, 76, 70, 72, 61, 89, 69, 65, 46, 94"
Time Bazar,05/08/2025,"6, 6","7, 8","015, 024, 188, 468","67, 65, 95, 89, 28, 80, 88, 72, 20, 25"
Milan Day,05/08/2025,"3, 2","6, 7","067, 345, 367, 368","36, 72, 43, 96, 27, 00, 56, 53, 26, 65"
Rajdhani Day,05/08/2025,"0, 3","3, 7","136, 148, 179, 256","33, 37, 07, 62, 06, 81, 64, 60, 27, 03"
Kalyan,05/08/2025,"2, 6","5, 6","138, 249, 358, 367","60, 25, 76, 69, 41, 92, 58, 82, 27, 63"
Milan Night,05/08/2025,"3, 0","6, 7","015, 034, 145, 157","36, 07, 63, 08, 01, 94, 65, 15, 87, 40"
Rajdhani Night,05/08/2025,"5, 5","4, 3","148, 159, 267, 356","51, 54, 93, 81, 11, 88, 49, 01, 56, 34"
Main Bazar,05/08/2025,"9, 8","3, 3","067, 355, 468, 469","03, 93, 84, 45, 20, 89, 69, 00, 91, 83"
Time Bazar,06/08/2025,"0, 7","5, 8","028, 269, 339, 459","05, 70, 97, 86, 78, 00, 94, 11, 08, 46"
Milan Day,06/08/2025,"6, 8","0, 2","019, 024, 233, 345","80, 62, 11, 40, 60, 49, 50, 75, 22, 95"
Rajdhani Day,06/08/2025,"8, 0","4, 8","125, 136, 149, 477","88, 00, 84, 55, 15, 50, 51, 99, 13, 03"
Kalyan,06/08/2025,"5, 0","1, 4","078, 149, 344, 389","51, 05, 34, 97, 14, 76, 64, 83, 96, 55"
Milan Night,06/08/2025,"9, 4","4, 6","088, 167, 239, 289","46, 94, 39, 00, 59, 84, 48, 51, 77, 20"
Rajdhani Night,06/08/2025,"7, 7","9, 2","126, 133, 223, 688","72, 79, 41, 85, 57, 52, 49, 27, 15, 35"
Main Bazar,06/08/2025,"6, 6","7, 0","024, 028, 033, 467","67, 60, 15, 52, 05, 04, 83, 24, 03, 71"
Time Bazar,07/08/2025,"5, 5","7, 0","014, 113, 118, 566","11, 50, 27, 20, 53, 56, 98, 94, 99, 45"
Milan Day,07/08/2025,"1, 1","3, 8","026, 119, 155, 229","13, 18, 38, 70, 58, 09, 25, 43, 28, 67"
Rajdhani Day,07/08/2025,"9, 3","1, 9","009, 049, 489, 559","91, 39, 60, 69, 99, 52, 92, 12, 70, 13"
Kalyan,07/08/2025,"0, 1","8, 1","029, 145, 288, 489","08, 20, 07, 33, 11, 45, 51, 84, 27, 12"
Milan Night,07/08/2025,"1, 6","6, 0","114, 226, 227, 259","16, 60, 39, 44, 46, 96, 69, 57, 49, 76"
Rajdhani Night,07/08/2025,"7, 1","8, 5","007, 134, 155, 159","78, 15, 77, 85, 79, 12, 23, 65, 67, 07"
Main Bazar,07/08/2025,"3, 4","7, 4","007, 338, 689, 789","44, 37, 06, 94, 32, 45, 18, 12, 83, 78"
Time Bazar,08/08/2025,"0, 8","2, 0","145, 567, 668, 679","02, 50, 82, 03, 52, 21, 65, 49, 48, 51"
Milan Day,08/08/2025,"1, 5","5, 4","014, 029, 239, 799","15, 54, 01, 64, 95, 92, 44, 02, 13, 06"
Rajdhani Day,08/08/2025,"3, 9","4, 1","001, 009, 149, 157","34, 91, 21, 45, 15, 31, 62, 82, 05, 40"
Kalyan,08/08/2025,"0, 2","2, 3","019, 048, 599, 679","22, 33, 93, 06, 31, 09, 25, 67, 92, 66"
Milan Night,08/08/2025,"5, 7","4, 7","133, 223, 239, 348","57, 74, 64, 77, 99, 28, 73, 65, 76, 45"
Rajdhani Night,08/08/2025,"1, 5","9, 4","168, 239, 245, 388","14, 59, 39, 91, 53, 27, 42, 46, 19, 98"
Main Bazar,08/08/2025,"9, 7","8, 0","136, 225, 279, 368","98, 00, 78, 35, 06, 99, 26, 82, 29, 15"
Time Bazar,09/08/2025,"1, 3","1, 4","047, 166, 245, 446","14, 33, 21, 50, 97, 31, 77, 12, 91, 59"
Milan Day,09/08/2025,"7, 6","8, 5","034, 123, 348, 558","78, 62, 35, 13, 79, 61, 76, 99, 03, 06"
Rajdhani Day,09/08/2025,"5, 7","9, 9","034, 388, 456, 568","59, 79, 77, 16, 96, 99, 08, 38, 36, 89"
Kalyan,09/08/2025,"1, 3","8, 2","048, 459, 579, 689","32, 18, 90, 97, 01, 16, 03, 65, 41, 39"
Milan Night,09/08/2025,"9, 6","8, 1","035, 126, 466, 489","63, 91, 88, 62, 06, 48, 99, 84, 56, 57"
Rajdhani Night,09/08/2025,"3, 5","5, 6","015, 159, 256, 889","35, 51, 86, 09, 78, 29, 56, 82, 85, 44"
Main Bazar,09/08/2025,"6, 2","4, 4","024, 248, 257, 345","84, 21, 64, 19, 48, 40, 74, 90, 53, 44"
Time Bazar,11/08/2025,"1, 3","5, 5","014, 236, 348, 689","15, 35, 65, 43, 57, 72, 38, 90, 08, 24"
Milan Day,11/08/2025,"1, 2","7, 7","089, 119, 179, 246","17, 27, 74, 53, 39, 26, 63, 93, 35, 88"
Rajdhani Day,11/08/2025,"8, 5","2, 0","019, 129, 369, 447","82, 57, 98, 52, 61, 80, 30, 43, 93, 69"
Kalyan,11/08/2025,"5, 4","2, 2","002, 014, 257, 589","52, 17, 28, 08, 46, 02, 96, 90, 05, 54"
Milan Night,11/08/2025,"9, 8","9, 0","017, 126, 136","99, 64, 27, 86, 19, 81, 93, 10, 20, 02"
Rajdhani Night,11/08/2025,"4, 2","7, 2","129, 158, 278, 336","47, 00, 68, 02, 37, 24, 38, 04, 20, 42"
Main Bazar,11/08/2025,"1, 6","1, 9","079, 126, 236, 245","69, 39, 11, 07, 45, 03, 80, 50, 40, 35"
Time Bazar,12/08/2025,"1, 8","6, 6","017, 079, 448, 579","86, 11, 06, 48, 66, 76, 97, 72, 07, 09"
Milan Day,12/08/2025,"1, 2","0, 9","009, 245, 389, 679","10, 67, 47, 40, 54, 29, 65, 83, 68, 16"
Rajdhani Day,12/08/2025,"1, 9","3, 6","079, 148, 227, 234","13, 94, 99, 96, 03, 63, 55, 06, 48, 65"
Kalyan,12/08/2025,"5, 8","3, 4","157, 357, 446, 468","33, 54, 28, 19, 82, 66, 74, 95, 46, 92"
Milan Night,12/08/2025,"7, 2","7, 2","179, 246, 467, 499","77, 25, 72, 10, 22, 84, 23, 06, 13, 15"
Rajdhani Night,12/08/2025,"3, 8","2, 1","134, 148, 345, 399","86, 64, 31, 02, 76, 11, 51, 73, 74, 59"
Main Bazar,12/08/2025,"6, 2","0, 0","028, 136, 349, 688","20, 69, 16, 92, 00, 88, 40, 67, 89, 07"
Time Bazar,13/08/2025,"9, 9","1, 2","038, 144, 156, 333","91, 92, 78, 00, 25, 03, 56, 62, 11, 88"
Milan Day,13/08/2025,"9, 3","4, 0","019, 139, 234, 356","94, 32, 70, 63, 81, 71, 88, 82, 33, 83"
Rajdhani Day,13/08/2025,"6, 0","4, 4","059, 123, 127, 239","04, 39, 64, 93, 15, 42, 68, 71, 40, 25"
Kalyan,13/08/2025,"2, 0","8, 6","088, 118, 134, 246","28, 06, 40, 24, 07, 03, 29, 74, 50, 37"
Milan Night,13/08/2025,"6, 2","0, 9","024, 036, 057, 569","60, 40, 81, 29, 36, 80, 17, 99, 34, 63"
Rajdhani Night,13/08/2025,"1, 0","3, 0","028, 029, 145, 256","13, 10, 52, 72, 19, 04, 41, 31, 49, 06"
Main Bazar,13/08/2025,"8, 6","4, 7","077, 179, 358, 558","87, 64, 84, 32, 25, 65, 07, 73, 14, 00"
Time Bazar,14/08/2025,"4, 3","4, 3","012, 149, 167, 788","44, 33, 04, 16, 81, 06, 00, 05, 48, 76"
Milan Day,14/08/2025,"1, 1","8, 4","116, 146, 344, 356","18, 17, 64, 76, 58, 57, 51, 49, 03, 40"
Rajdhani Day,14/08/2025,"2, 5","9, 7","199, 269, 679, 889","29, 97, 30, 85, 94, 66, 78, 52, 82, 04"
Kalyan,14/08/2025,"2, 1","7, 6","006, 179, 237, 399","17, 30, 26, 95, 44, 83, 84, 06, 68, 23"
Milan Night,14/08/2025,"9, 3","8, 9","027, 157, 279, 478","87, 38, 94, 41, 99, 13, 16, 04, 07, 76"
Rajdhani Night,14/08/2025,"5, 8","2, 7","035, 278, 345, 799","52, 87, 10, 56, 04, 91, 21, 24, 08, 43"
Main Bazar,14/08/2025,"7, 9","9, 2","009, 133, 667, 688","79, 90, 82, 91, 12, 50, 43, 25, 40, 23"
Time Bazar,15/08/2025,"0, 3","4, 7","133, 347, 389, 689","07, 64, 38, 25, 39, 18, 56, 85, 71, 59"
Milan Day,15/08/2025,"5, 4","8, 4","239, 357, 378","58, 44, 23, 45, 54, 64, 95, 18, 78, 08"
Rajdhani Day,15/08/2025,"0, 9","4, 7","013, 136, 179, 469","07, 94, 25, 81, 05, 01, 53, 93, 34, 83"
Kalyan,15/08/2025,"0, 5","5, 8","023, 035, 168, 235","05, 56, 95, 08, 88, 62, 31, 84, 38, 49"
Milan Night,15/08/2025,"5, 3","5, 4","022, 238, 456","55, 34, 64, 25, 90, 52, 10, 54, 73, 07"
Rajdhani Night,15/08/2025,"3, 8","2, 5","023, 067, 224, 255","32, 85, 74, 97, 48, 16, 25, 07, 68, 03"
Main Bazar,15/08/2025,"0, 3","8, 9","046, 067, 289, 378","08, 59, 21, 12, 02, 34, 09, 74, 49, 13"
Time Bazar,16/08/2025,"6, 9","7, 7","018, 367, 377, 467","67, 97, 56, 85, 13, 64, 32, 36, 21, 95"
Milan Day,16/08/2025,"7, 8","1, 8","236, 278, 288, 459","71, 88, 83, 44, 04, 36, 86, 13, 18, 54"
Rajdhani Day,16/08/2025,"3, 2","8, 2","026, 057, 156, 445","42, 38, 29, 41, 60, 13, 99, 80, 91, 01"
Kalyan,16/08/2025,"8, 5","6, 5","159, 249, 367, 468","86, 46, 54, 65, 02, 00, 48, 98, 14, 44"
Milan Night,16/08/2025,"7, 0","3, 9","145, 346, 467, 478","73, 09, 34, 77, 17, 64, 08, 29, 04, 16"
Rajdhani Night,16/08/2025,"3, 8","2, 5","023, 067, 224, 255","85, 32, 74, 16, 25, 68, 07, 12, 76, 54"
Main Bazar,16/08/2025,"0, 0","8, 9","046, 289, 299, 378","08, 59, 02, 09, 74, 21, 81, 87, 12, 33"
Time Bazar,18/08/2025,"3, 0","0, 2","127, 129, 157, 677","30, 22, 78, 88, 57, 35, 65, 49, 08, 07"
Milan Day,18/08/2025,"6, 0","1, 8","378, 399, 448, 578","61, 08, 72, 44, 11, 99, 17, 33, 14, 15"
Rajdhani Day,18/08/2025,"9, 1","6, 9","006, 135, 469, 678","96, 55, 10, 69, 54, 12, 36, 05, 24, 23"
Kalyan,18/08/2025,"9, 2","4, 1","068, 478, 489, 688","29, 51, 94, 97, 57, 53, 59, 62, 43, 45"
Milan Night,18/08/2025,"8, 9","1, 0","037, 047, 224, 469","81, 90, 95, 24, 39, 62, 53, 27, 22, 70"
Rajdhani Night,18/08/2025,"1, 4","5, 4","014, 068, 146, 158","85, 94, 74, 41, 34, 42, 16, 32, 19, 75"
Main Bazar,18/08/2025,"1, 0","9, 8","019, 234, 335, 369","19, 84, 48, 06, 26, 35, 14, 71, 73, 44"
Time Bazar,19/08/2025,"5, 0","9, 3","005, 135, 247, 578","59, 43, 25, 71, 09, 23, 03, 30, 04, 52"
Milan Day,19/08/2025,"7, 2","9, 2","147, 199, 345, 377","79, 22, 20, 38, 23, 82, 40, 67, 53, 28"
Rajdhani Day,19/08/2025,"8, 3","9, 2","036, 129, 134, 238","89, 36, 52, 77, 50, 79, 41, 44, 69, 07"
Kalyan,19/08/2025,"7, 3","7, 6","006, 049, 133, 188","96, 76, 82, 37, 58, 32, 70, 11, 29, 28"
Milan Night,19/08/2025,"1, 8","0, 7","125, 128, 467, 578","37, 09, 57, 10, 78, 85, 89, 72, 82, 07"
Rajdhani Night,19/08/2025,"8, 8","5, 1","035, 447, 459, 678","85, 72, 82, 18, 11, 33, 34, 77, 92, 97"
Main Bazar,19/08/2025,"6, 5","6, 8","014, 017, 088, 358","66, 58, 96, 44, 26, 21, 55, 27, 53, 88"
Time Bazar,20/08/2025,"2, 5","8, 9","113, 135, 246, 279","28, 59, 45, 34, 44, 61, 10, 63, 72, 19"
Milan Day,20/08/2025,"8, 0","8, 6","099, 244, 259, 567","86, 08, 11, 28, 02, 43, 51, 17, 41, 31"
Rajdhani Day,20/08/2025,"1, 1","8, 0","029, 044, 334, 669","18, 10, 37, 70, 65, 51, 11, 33, 28, 90"
Kalyan,20/08/2025,"3, 0","7, 6","012, 367, 467, 668","37, 66, 08, 76, 98, 21, 38, 88, 00, 44"
Milan Night,20/08/2025,"8, 0","4, 2","046, 156, 167, 558","82, 04, 09, 12, 35, 68, 48, 97, 21, 98"
Rajdhani Night,20/08/2025,"6, 3","0, 6","012, 088, 226, 349","60, 08, 47, 83, 18, 36, 23, 30, 87, 31"
Main Bazar,20/08/2025,"6, 4","0, 6","349, 356, 389, 556","86, 60, 40, 16, 25, 13, 54, 35, 44, 36"
Time Bazar,22/08/2025,"5, 7","3, 7","049, 113, 269, 359","16, 77, 57, 53, 59, 26, 62, 70, 14, 51"
Milan Day,22/08/2025,"9, 8","9, 2","017, 045, 066, 225","99, 22, 12, 89, 77, 08, 53, 59, 79, 52"
Rajdhani Day,22/08/2025,"1, 9","0, 1","119, 235, 469, 588","10, 92, 77, 76, 24, 64, 91, 86, 70, 01"
Kalyan,22/08/2025,"9, 6","2, 9","036, 114, 129, 568","92, 49, 34, 39, 09, 22, 68, 87, 03, 30"
Milan Night,22/08/2025,"4, 9","4, 7","013, 158, 458, 577","44, 97, 92, 46, 13, 43, 39, 54, 85, 24"
Rajdhani Night,22/08/2025,"1, 4","9, 4","029, 248, 257, 469","20, 14, 49, 60, 23, 39, 45, 41, 47, 00"
Main Bazar,22/08/2025,"6, 1","9, 1","033, 047, 227, 478","61, 19, 34, 40, 92, 53, 78, 90, 84, 18"
Time Bazar,23/08/2025,"1, 1","9, 0","137, 245, 569, 667","16, 10, 49, 19, 75, 27, 02, 00, 64, 30"
Milan Day,23/08/2025,"5, 4","8, 8","059, 224, 279, 348","58, 48, 28, 15, 41, 49, 69, 60, 38, 82"
Rajdhani Day,23/08/2025,"3, 6","3, 0","178, 247, 346, 677","33, 40, 62, 38, 99, 07, 01, 64, 79, 86"
Kalyan,23/08/2025,"0, 9","1, 4","155, 239, 379, 578","01, 94, 46, 64, 15, 96, 70, 98, 13, 81"
Milan Night,23/08/2025,"8, 3","8, 2","035, 049, 156, 369","38, 82, 15, 68, 19, 35, 45, 43, 13, 23"
Rajdhani Night,23/08/2025,"6, 4","3, 6","022, 247, 349, 466","63, 45, 36, 47, 46, 15, 29, 49, 91, 37"
Main Bazar,23/08/2025,"6, 1","9, 1","033, 047, 227, 478","61, 19, 84, 34, 40, 53, 21, 76, 48, 37"
Time Bazar,25/08/2025,"9, 9","7, 5","036, 289, 456, 467","97, 28, 95, 37, 99, 96, 06, 93, 50, 10"
Milan Day,25/08/2025,"3, 3","3, 3","012, 238, 337, 346","33, 53, 39, 29, 30, 83, 70, 91, 15, 11"
Rajdhani Day,25/08/2025,"0, 4","1, 4","029, 068, 145, 356","01, 33, 44, 19, 90, 48, 05, 55, 27, 77"
Kalyan,25/08/2025,"0, 3","0, 8","008, 037, 166, 578","00, 58, 37, 80, 51, 22, 91, 74, 38, 69"
Milan Night,25/08/2025,"0, 4","0, 9","004, 027, 046, 488","21, 90, 00, 94, 79, 52, 40, 42, 91, 61"
Rajdhani Night,25/08/2025,"0, 2","5, 0","127, 136, 336, 799","05, 09, 20, 27, 22, 07, 77, 00, 19, 21"
Main Bazar,25/08/2025,"0, 7","6, 1","019, 025, 038, 123","06, 91, 71, 45, 19, 99, 88, 84, 38, 31"
Time Bazar,26/08/2025,"7, 7","4, 6","004, 016, 179, 448","74, 76, 11, 21, 86, 13, 06, 72, 97, 66"
Milan Day,26/08/2025,"6, 1","2, 2","024, 147, 579, 589","62, 12, 68, 66, 30, 99, 79, 36, 03, 73"
Rajdhani Day,26/08/2025,"0, 1","5, 3","014, 245, 247, 668","05, 13, 69, 60, 50, 43, 56, 75, 82, 49"
Kalyan,26/08/2025,"9, 3","3, 9","157, 199, 469, 599","39, 95, 23, 19, 48, 16, 91, 68, 21, 33"
Milan Night,26/08/2025,"7, 4","2, 1","156, 167, 278, 678","72, 41, 45, 21, 01, 75, 95, 14, 30, 32"
Rajdhani Night,26/08/2025,"0, 3","0, 3","046, 148, 256, 569","00, 33, 10, 93, 27, 84, 19, 32, 57, 74"
Main Bazar,26/08/2025,"4, 4","5, 6","059, 267, 277, 356","45, 05, 71, 84, 46, 75, 22, 59, 88, 06"
Time Bazar,27/08/2025,"0, 4","9, 4","289, 356, 668","09, 36, 44, 65, 08, 47, 22, 82, 28, 11"
Milan Day,27/08/2025,"4, 3","0, 0","139, 239, 299, 479","40, 30, 82, 36, 95, 09, 86, 62, 45, 19"
Rajdhani Day,27/08/2025,"9, 8","9, 7","045, 388, 458, 459","99, 87, 60, 53, 40, 34, 83, 10, 82, 07"
Kalyan,27/08/2025,"4, 9","7, 5","025, 077, 447, 667","23, 95, 47, 43, 25, 39, 97, 82, 18, 05"
Milan Night,27/08/2025,"3, 8","9, 8","027, 044, 369, 689","06, 82, 39, 88, 59, 44, 46, 50, 98, 87"
Rajdhani Night,27/08/2025,"9, 7","6, 4","015, 045, 356, 557","96, 74, 16, 99, 24, 21, 86, 08, 38, 15"
Main Bazar,27/08/2025,"8, 7","7, 1","035, 056, 089, 269","87, 71, 79, 28, 81, 60, 19, 97, 36, 05"
Time Bazar,28/08/2025,"8, 5","2, 6","015, 026, 168, 778","13, 82, 56, 41, 09, 22, 38, 65, 03, 97"
Milan Day,28/08/2025,"7, 4","5, 6","022, 267, 458, 899","41, 40, 75, 16, 01, 43, 76, 80, 30, 49"
Rajdhani Day,28/08/2025,"3, 0","4, 1","137, 238, 244, 789","31, 04, 64, 89, 08, 71, 79, 41, 52, 84"
Kalyan,28/08/2025,"3, 5","9, 6","024, 069, 346, 478","39, 27, 76, 59, 37, 86, 23, 80, 52, 72"
Milan Night,28/08/2025,"8, 7","7, 7","008, 124, 188, 467","87, 77, 57, 58, 52, 32, 88, 19, 07, 51"
Rajdhani Night,28/08/2025,"7, 4","6, 4","178, 269, 356, 789","04, 76, 41, 77, 46, 78, 23, 29, 00, 16"
Main Bazar,28/08/2025,"1, 4","5, 0","029, 167, 235, 339","15, 40, 23, 30, 94, 77, 82, 96, 81, 43"
Time Bazar,29/08/2025,"4, 4","0, 2","002, 013, 068, 235","40, 62, 49, 48, 19, 90, 13, 85, 98, 37"
Milan Day,29/08/2025,"3, 9","1, 1","119, 245, 445, 469","31, 91, 30, 78, 71, 72, 02, 60, 17, 06"
Rajdhani Day,29/08/2025,"6, 1","8, 6","029, 189, 367, 457","03, 17, 78, 61, 36, 16, 26, 43, 58, 46"
Kalyan,29/08/2025,"3, 4","9, 3","004, 012, 126","46, 39, 25, 53, 81, 76, 37, 14, 18, 91"
Milan Night,29/08/2025,"5, 0","2, 0","048, 235, 348, 569","52, 15, 00, 88, 07, 10, 05, 90, 73, 19"
Rajdhani Night,29/08/2025,"0, 2","1, 0","128, 345, 389, 578","04, 83, 63, 51, 10, 86, 44, 20, 60, 43"
Main Bazar,29/08/2025,"2, 2","8, 2","066, 129, 138, 279","28, 46, 22, 69, 13, 70, 24, 35, 30, 45"
Time Bazar,30/08/2025,"5, 5","2, 7","034, 039, 069, 267","52, 16, 82, 57, 43, 08, 42, 94, 24, 80"
Milan Day,30/08/2025,"7, 8","1, 4","236, 266, 278, 477","71, 49, 83, 94, 66, 98, 44, 13, 18, 67"
Rajdhani Day,30/08/2025,"4, 7","8, 1","038, 068, 125, 223","48, 71, 44, 83, 88, 81, 21, 43, 23, 12"
Kalyan,30/08/2025,"1, 6","8, 3","067, 369, 489, 556","18, 43, 65, 93, 76, 13, 53, 03, 87, 84"
Milan Night,30/08/2025,"1, 7","7, 4","004, 115, 137, 179","17, 48, 84, 70, 52, 08, 23, 72, 26, 55"
Rajdhani Night,30/08/2025,"2, 4","1, 3","067, 237, 399, 699","21, 23, 44, 60, 65, 31, 78, 04, 71, 17"
Main Bazar,30/08/2025,"1, 2","8, 3","066, 279, 337, 399","13, 28, 67, 22, 70, 44, 58, 72, 69, 46"
Time Bazar,01/09/2025,"8, 5","6, 5","044, 069, 113, 457","55, 86, 21, 35, 69, 07, 71, 91, 81, 77"
Milan Day,01/09/2025,"8, 7","7, 0","044, 269, 557, 668","70, 87, 74, 82, 50, 36, 83, 22, 33, 95"
Rajdhani Day,01/09/2025,"6, 2","3, 1","048, 146, 346, 556","63, 08, 96, 12, 26, 21, 88, 14, 30, 60"
Kalyan,01/09/2025,"6, 4","8, 2","017, 114, 248, 345","68, 05, 42, 34, 04, 86, 82, 66, 02, 44"
Milan Night,01/09/2025,"0, 6","4, 2","006, 068, 235, 246","02, 64, 40, 59, 12, 44, 81, 85, 99, 61"
Rajdhani Night,01/09/2025,"5, 1","8, 4","167, 236, 288, 357","58, 11, 37, 43, 94, 50, 75, 91, 32, 25"
Main Bazar,01/09/2025,"5, 9","5, 7","117, 133, 249, 799","58, 22, 07, 95, 57, 94, 03, 27, 52, 69"
Time Bazar,02/09/2025,"8, 0","1, 1","137, 224, 236, 389","84, 21, 01, 79, 47, 78, 28, 49, 51, 61"
Milan Day,02/09/2025,"7, 8","8, 9","035, 036, 449, 558","89, 84, 78, 19, 86, 42, 03, 37, 45, 81"
Rajdhani Day,02/09/2025,"7, 5","7, 9","025, 069, 133, 469","79, 68, 57, 74, 64, 12, 86, 42, 83, 85"
Kalyan,02/09/2025,"9, 0","2, 1","046, 237, 379, 669","01, 92, 39, 63, 11, 53, 41, 40, 89, 71"
Milan Night,02/09/2025,"7, 8","4, 7","013, 034, 125","74, 85, 37, 62, 89, 56, 98, 25, 81, 96"
Rajdhani Night,02/09/2025,"4, 7","6, 4","006, 059, 278, 455","46, 49, 44, 91, 79, 52, 22, 54, 62, 75"
Main Bazar,02/09/2025,"4, 8","2, 4","059, 134, 237, 248","84, 45, 14, 52, 57, 81, 64, 26, 70, 61"
Time Bazar,03/09/2025,"3, 2","5, 6","006, 067, 348, 679","35, 26, 28, 43, 98, 03, 08, 36, 64, 31"
Milan Day,03/09/2025,"4, 6","6, 9","059, 358, 469","49, 66, 90, 62, 50, 60, 30, 20, 71, 35"
Rajdhani Day,03/09/2025,"2, 5","3, 7","012, 034, 069, 679","23, 55, 85, 78, 97, 02, 71, 40, 18, 17"
Kalyan,03/09/2025,"7, 8","0, 2","002, 026, 127, 458","82, 70, 35, 25, 29, 67, 21, 03, 56, 52"
Milan Night,03/09/2025,"0, 8","5, 1","005, 125, 136, 137","05, 81, 04, 47, 15, 31, 48, 95, 41, 34"
Rajdhani Night,03/09/2025,"0, 6","1, 3","047, 244, 268, 779","61, 03, 67, 30, 14, 91, 86, 53, 78, 59"
Main Bazar,03/09/2025,"2, 5","7, 3","023, 049, 129, 368","23, 57, 56, 24, 95, 77, 54, 07, 69, 91"
Time Bazar,06/09/2025,"9, 8","4, 5","018, 167, 447, 459","94, 85, 57, 56, 66, 89, 76, 04, 40, 31"
Milan Day,06/09/2025,"9, 4","4, 9","036, 068, 158, 388","94, 49, 78, 79, 54, 60, 50, 35, 41, 28"
Rajdhani Day,06/09/2025,"7, 2","9, 9","124, 126, 129, 568","79, 23, 99, 49, 73, 86, 89, 27, 29, 42"
Kalyan,06/09/2025,"3, 0","2, 1","037, 048, 128, 689","32, 01, 95, 69, 64, 11, 15, 35, 28, 29"
Milan Night,06/09/2025,"8, 7","5, 7","007, 017, 069, 467","85, 77, 27, 81, 21, 35, 62, 19, 44, 71"
Rajdhani Night,06/09/2025,"3, 4","5, 9","013, 014, 018, 157","35, 49, 00, 28, 15, 24, 46, 17, 78, 09"
Main Bazar,06/09/2025,"5, 1","1, 3","229, 245, 366","51, 13, 99, 35, 18, 29, 00, 20, 26, 45"
Time Bazar,08/09/2025,"7, 0","0, 7","025, 028, 046, 278","70, 09, 08, 57, 50, 12, 94, 47, 37, 86"
Milan Day,08/09/2025,"0, 3","7, 6","006, 226, 247, 368","37, 06, 55, 94, 77, 83, 02, 30, 14, 57"
Rajdhani Day,08/09/2025,"9, 0","3, 8","012, 136, 289, 378","93, 08, 78, 14, 25, 77, 63, 26, 75, 94"
Kalyan,08/09/2025,"6, 4","8, 1","017, 079, 236, 347","68, 44, 81, 21, 63, 85, 87, 51, 62, 03"
Milan Night,08/09/2025,"0, 8","1, 2","001, 224, 299, 345","02, 81, 95, 38, 73, 45, 14, 72, 85, 43"
Rajdhani Night,08/09/2025,"2, 2","1, 4","004, 245, 246, 255","21, 24, 77, 61, 79, 20, 12, 74, 00, 41"
Main Bazar,08/09/2025,"3, 5","3, 1","023, 355, 399, 779","53, 31, 13, 26, 55, 49, 23, 59, 21, 07"
Time Bazar,09/09/2025,"4, 5","3, 1","067, 078, 245, 356","43, 51, 20, 62, 99, 54, 22, 73, 27, 46"
Milan Day,09/09/2025,"6, 3","3, 3","024, 247, 346, 788","63, 33, 40, 29, 44, 56, 72, 92, 94, 53"
Rajdhani Day,09/09/2025,"6, 3","3, 1","012, 038, 067, 079","63, 36, 61, 97, 93, 19, 41, 34, 03, 70"
Kalyan,09/09/2025,"9, 5","2, 5","027, 113, 147, 249","55, 22, 97, 04, 43, 41, 98, 11, 25, 53"
Milan Night,09/09/2025,"2, 5","5, 9","018, 069, 246, 357","25, 54, 31, 29, 52, 05, 47, 26, 48, 56"
Rajdhani Night,09/09/2025,"5, 1","6, 6","047, 178, 258, 556","86, 56, 17, 42, 35, 51, 29, 02, 79, 21"
Main Bazar,09/09/2025,"4, 8","3, 9","158, 229, 477, 559","43, 89, 57, 32, 15, 21, 88, 71, 39, 18"
Time Bazar,10/09/2025,"7, 1","3, 9","012, 056, 449, 559","13, 91, 78, 19, 50, 25, 94, 08, 10, 63"
Milan Day,10/09/2025,"1, 5","1, 8","008, 038, 357, 678","51, 18, 11, 29, 95, 30, 43, 46, 26, 31"
Rajdhani Day,10/09/2025,"0, 2","7, 2","016, 048, 057, 479","47, 20, 02, 31, 11, 17, 53, 39, 68, 43"
Kalyan,10/09/2025,"8, 8","7, 2","016, 116, 459, 589","82, 84, 97, 12, 93, 69, 74, 39, 70, 41"
Milan Night,10/09/2025,"4, 7","8, 9","036, 099, 124, 455","48, 02, 70, 09, 89, 43, 60, 49, 50, 52"
Rajdhani Night,10/09/2025,"7, 1","9, 4","126, 133, 167, 245","79, 40, 34, 57, 85, 12, 91, 09, 49, 51"
Main Bazar,10/09/2025,"6, 0","4, 8","068, 189, 358, 578","64, 07, 68, 00, 25, 96, 48, 93, 32, 79"
Time Bazar,11/09/2025,"7, 4","2, 2","002, 124, 589, 789","72, 42, 00, 27, 57, 89, 46, 36, 45, 70"
Milan Day,11/09/2025,"7, 0","3, 9","127, 139, 188, 379","73, 49, 90, 09, 57, 31, 18, 55, 64, 43"
Rajdhani Day,11/09/2025,"6, 3","5, 0","023, 118, 358, 689","40, 35, 63, 02, 66, 65, 54, 21, 28, 38"
Kalyan,11/09/2025,"1, 1","6, 3","006, 245, 247, 489","16, 13, 07, 74, 04, 81, 63, 70, 23, 06"
Milan Night,11/09/2025,"7, 1","7, 6","024, 124, 188, 399","77, 60, 84, 07, 16, 65, 33, 11, 52, 75"
Rajdhani Night,11/09/2025,"1, 5","8, 6","038, 134, 169, 249","15, 54, 20, 58, 66, 56, 08, 60, 68, 69"
Main Bazar,11/09/2025,"1, 8","0, 8","017, 226, 245","88, 10, 83, 36, 57, 26, 30, 63, 37, 91"
Time Bazar,12/09/2025,"7, 1","9, 1","047, 117, 335, 467","79, 17, 57, 11, 19, 43, 52, 07, 74, 51"
Milan Day,12/09/2025,"5, 3","8, 6","012, 088, 267, 279","58, 07, 96, 02, 11, 60, 85, 39, 31, 90"
Rajdhani Day,12/09/2025,"7, 9","9, 0","007, 135, 299, 379","79, 90, 73, 51, 80, 10, 93, 02, 27, 09"
Kalyan,12/09/2025,"9, 2","5, 8","026, 144, 159, 589","28, 95, 72, 08, 36, 58, 22, 02, 04, 43"
Milan Night,12/09/2025,"0, 6","2, 5","014, 138, 556, 668","68, 32, 72, 67, 43, 05, 80, 19, 41, 55"
Rajdhani Night,12/09/2025,"3, 1","9, 5","014, 157, 245, 469","49, 35, 72, 32, 65, 07, 19, 37, 09, 17"
Main Bazar,12/09/2025,"3, 6","6, 0","006, 028, 157, 448","36, 70, 45, 82, 67, 33, 53, 62, 13, 81"
Time Bazar,13/09/2025,"6, 0","3, 9","067, 126, 169, 389","63, 02, 69, 35, 78, 27, 91, 22, 65, 58"
Milan Day,13/09/2025,"4, 6","0, 4","277, 299, 356, 446","60, 44, 49, 06, 79, 64, 63, 02, 11, 28"
Rajdhani Day,13/09/2025,"1, 0","2, 3","049, 136, 236, 679","12, 05, 33, 54, 28, 30, 24, 79, 96, 46"
Kalyan,13/09/2025,"1, 0","9, 6","029, 046, 289, 448","12, 89, 09, 28, 39, 06, 96, 73, 02, 61"
Milan Night,13/09/2025,"1, 8","4, 3","017, 158, 238, 399","80, 14, 91, 23, 03, 32, 43, 44, 87, 42"
Rajdhani Night,13/09/2025,"1, 0","5, 1","168, 489, 578, 579","15, 04, 31, 10, 83, 86, 74, 22, 43, 65"
Main Bazar,13/09/2025,"2, 7","3, 1","047, 179, 238, 345","81, 23, 79, 08, 95, 49, 89, 30, 13, 87"
Time Bazar,15/09/2025,"2, 1","0, 1","037, 236, 336","20, 11, 81, 80, 91, 89, 28, 10, 41, 16"
Milan Day,15/09/2025,"7, 0","4, 4","136, 167, 338, 359","74, 04, 78, 19, 27, 66, 87, 39, 95, 79"
Rajdhani Day,15/09/2025,"4, 1","0, 0","136, 145, 149, 236","40, 10, 30, 43, 21, 79, 05, 53, 16, 08"
Kalyan,15/09/2025,"0, 9","7, 0","055, 135, 179, 488","07, 99, 68, 43, 28, 30, 09, 90, 39, 48"
Milan Night,15/09/2025,"9, 8","1, 7","146, 269, 468, 568","91, 67, 20, 28, 82, 14, 71, 86, 70, 27"
Rajdhani Night,15/09/2025,"7, 7","9, 7","007, 016, 278, 478","77, 79, 21, 42, 48, 37, 41, 89, 94, 74"
Main Bazar,15/09/2025,"5, 1","0, 8","035, 177, 488, 489","50, 10, 88, 19, 83, 66, 38, 55, 32, 99"
Time Bazar,16/09/2025,"4, 0","8, 4","158, 257, 369, 389","48, 04, 01, 47, 76, 05, 50, 74, 79, 80"
Milan Day,16/09/2025,"0, 3","7, 9","007, 157, 234, 235","29, 07, 44, 30, 94, 14, 35, 02, 72, 50"
Rajdhani Day,16/09/2025,"1, 3","3, 8","026, 146, 157, 689","13, 03, 39, 43, 71, 21, 38, 73, 66, 86"
Kalyan,16/09/2025,"3, 8","7, 9","099, 135, 157, 368","37, 69, 57, 74, 72, 14, 07, 36, 51, 75"
Milan Night,16/09/2025,"9, 9","8, 6","024, 036, 459, 568","98, 96, 72, 19, 39, 17, 44, 22, 45, 94"
Rajdhani Night,16/09/2025,"9, 7","6, 3","449, 556, 599, 667","73, 96, 40, 38, 12, 98, 20, 76, 06, 31"
Main Bazar,16/09/2025,"1, 4","5, 7","016, 023, 236, 356","15, 42, 97, 71, 04, 41, 49, 53, 54, 36"
Time Bazar,17/09/2025,"7, 7","3, 8","026, 115, 148, 449","73, 13, 78, 00, 61, 71, 10, 20, 50, 79"
Milan Day,17/09/2025,"1, 9","5, 4","135, 227, 357, 789","15, 26, 44, 22, 94, 54, 09, 20, 32, 25"
Rajdhani Day,17/09/2025,"0, 2","7, 1","037, 038, 057, 359","07, 21, 08, 74, 14, 76, 83, 87, 52, 24"
Kalyan,17/09/2025,"4, 1","1, 5","137, 249, 257, 669","41, 15, 67, 58, 34, 78, 48, 28, 22, 95"
Milan Night,17/09/2025,"8, 6","6, 7","006, 088, 134, 368","66, 87, 82, 76, 50, 29, 34, 06, 08, 70"
Rajdhani Night,17/09/2025,"0, 1","3, 6","155, 166, 169, 226","03, 16, 59, 63, 31, 14, 86, 13, 87, 90"
Main Bazar,17/09/2025,"8, 0","7, 3","148, 179, 389, 459","57, 87, 02, 93, 89, 24, 37, 03, 25, 06"
Time Bazar,18/09/2025,"0, 5","4, 9","013, 027, 069, 226","09, 54, 46, 53, 01, 56, 77, 08, 13, 69"
Milan Day,18/09/2025,"4, 2","7, 5","077, 223, 237, 267","47, 78, 03, 16, 33, 81, 19, 69, 89, 54"
Rajdhani Day,18/09/2025,"1, 0","7, 2","039, 188, 389, 579","17, 52, 81, 80, 05, 84, 26, 69, 50, 31"
Kalyan,18/09/2025,"7, 2","2, 9","036, 345, 368, 499","72, 31, 19, 20, 11, 73, 48, 16, 51, 81"
Milan Night,18/09/2025,"9, 1","3, 4","112, 146, 229, 568","33, 93, 15, 69, 74, 88, 73, 81, 96, 23"
Rajdhani Night,18/09/2025,"1, 9","8, 1","018, 189, 236, 245","18, 08, 91, 20, 95, 45, 24, 87, 58, 35"
Main Bazar,18/09/2025,"4, 0","5, 0","235, 299, 699, 799","45, 37, 44, 06, 50, 91, 33, 94, 29, 23"
Time Bazar,19/09/2025,"6, 7","8, 5","044, 089, 348, 349","65, 68, 74, 17, 77, 59, 16, 51, 98, 85"
Milan Day,19/09/2025,"0, 1","8, 6","029, 134, 178, 668","08, 17, 16, 49, 77, 41, 05, 69, 22, 44"
Rajdhani Day,19/09/2025,"2, 3","8, 1","147, 337, 378, 489","38, 21, 36, 41, 06, 43, 90, 80, 73, 24"
Kalyan,19/09/2025,"7, 5","6, 2","078, 269, 345, 367","52, 89, 76, 17, 56, 53, 19, 66, 33, 06"
Milan Night,19/09/2025,"8, 6","1, 0","116, 155, 466, 668","81, 60, 70, 44, 45, 41, 03, 34, 57, 62"
Rajdhani Night,19/09/2025,"2, 1","5, 3","011, 056, 247, 366","25, 13, 42, 67, 97, 12, 87, 46, 63, 53"
Main Bazar,19/09/2025,"3, 5","1, 8","038, 049, 177, 459","02, 31, 58, 86, 53, 82, 30, 80, 68, 49"
Time Bazar,20/09/2025,"0, 5","2, 9","019, 177, 379, 589","09, 37, 52, 47, 17, 72, 20, 44, 91, 31"
Milan Day,20/09/2025,"3, 6","8, 6","012, 123, 169, 459","28, 63, 06, 78, 32, 94, 89, 81, 49, 55"
Rajdhani Day,20/09/2025,"3, 6","3, 7","024, 256, 269, 346","33, 74, 67, 42, 01, 00, 18, 82, 84, 57"
Kalyan,20/09/2025,"1, 9","4, 3","257, 346, 379, 678","13, 64, 94, 04, 01, 98, 53, 72, 56, 36"
Milan Night,20/09/2025,"5, 8","1, 4","026, 239, 245, 348","51, 84, 02, 31, 56, 26, 46, 78, 07, 09"
Rajdhani Night,20/09/2025,"6, 7","8, 6","178, 233, 259, 269","68, 76, 32, 77, 07, 48, 43, 55, 03, 29"
Main Bazar,20/09/2025,"5, 6","5, 2","069, 147, 249, 367","65, 52, 80, 35, 40, 19, 46, 90, 76, 86"
Time Bazar,22/09/2025,"5, 3","7, 3","016, 069, 139, 229","57, 32, 86, 93, 07, 97, 55, 98, 04, 31"
Milan Day,22/09/2025,"7, 4","2, 4","022, 356, 458, 589","45, 44, 72, 88, 27, 78, 47, 64, 66, 76"
Rajdhani Day,22/09/2025,"1, 4","9, 8","008, 045, 056, 239","48, 19, 44, 05, 10, 32, 50, 71, 53, 88"
Kalyan,22/09/2025,"8, 6","3, 3","033, 049, 148, 189","63, 83, 42, 03, 06, 80, 49, 23, 27, 79"
Milan Night,22/09/2025,"1, 2","7, 9","007, 245, 559, 679","90, 19, 27, 93, 72, 10, 67, 16, 39, 76"
Rajdhani Night,22/09/2025,"0, 4","1, 2","068, 244, 579, 679","01, 42, 19, 05, 04, 82, 41, 23, 67, 57"
Main Bazar,22/09/2025,"5, 5","7, 2","069, 089, 129, 258","57, 67, 51, 66, 11, 14, 35, 39, 03, 52"
Time Bazar,23/09/2025,"0, 0","9, 4","037, 257, 478, 578","09, 04, 43, 56, 64, 59, 71, 74, 52, 29"
Milan Day,23/09/2025,"4, 5","6, 8","159, 169, 347, 567","48, 72, 56, 00, 43, 44, 30, 57, 36, 40"
Rajdhani Day,23/09/2025,"2, 0","5, 8","037, 039, 189, 339","25, 08, 43, 96, 51, 79, 04, 12, 65, 09"
Kalyan,23/09/2025,"3, 7","4, 0","028, 179, 337, 347","34, 76, 60, 74, 66, 57, 06, 58, 65, 52"
Milan Night,23/09/2025,"4, 0","2, 0","127, 145, 167, 688","42, 40, 90, 08, 68, 55, 91, 72, 52, 23"
Rajdhani Night,23/09/2025,"7, 7","4, 8","034, 133, 134, 149","36, 38, 83, 74, 68, 53, 99, 76, 40, 35"
Main Bazar,23/09/2025,"6, 4","7, 9","004, 015, 179, 289","67, 15, 49, 79, 09, 21, 12, 13, 27, 70"
Time Bazar,24/09/2025,"8, 3","8, 0","026, 134, 389, 445","89, 94, 38, 48, 07, 50, 79, 34, 61, 78"
Milan Day,24/09/2025,"2, 7","0, 0","019, 037, 039, 089","20, 55, 70, 44, 99, 97, 94, 88, 61, 15"
Rajdhani Day,24/09/2025,"2, 0","8, 7","246, 389, 467, 567","27, 61, 08, 88, 52, 95, 09, 24, 14, 11"
Kalyan,24/09/2025,"3, 1","5, 4","059, 157, 399, 456","14, 35, 55, 92, 43, 64, 52, 78, 84, 39"
Milan Night,24/09/2025,"3, 9","6, 1","047, 157, 349, 478","36, 96, 43, 76, 61, 01, 30, 60, 57, 34"
Rajdhani Night,24/09/2025,"7, 1","3, 3","025, 029, 256, 346","73, 13, 04, 72, 52, 50, 74, 41, 36, 31"
Main Bazar,24/09/2025,"6, 4","3, 7","179, 355, 356, 367","47, 63, 14, 58, 42, 52, 60, 70, 20, 37"
Time Bazar,25/09/2025,"5, 5","9, 8","159, 369, 379, 456","59, 08, 22, 68, 09, 54, 46, 55, 38, 53"
Milan Day,25/09/2025,"4, 7","0, 9","036, 145, 347, 566","40, 69, 76, 44, 03, 57, 02, 73, 41, 06"
Rajdhani Day,25/09/2025,"8, 1","2, 0","011, 136, 137, 459","82, 10, 84, 62, 78, 41, 42, 88, 73, 28"
Kalyan,25/09/2025,"4, 1","4, 2","128, 246, 248, 356","44, 12, 53, 99, 51, 34, 95, 30, 32, 85"
Milan Night,25/09/2025,"0, 3","4, 6","068, 244, 346, 899","04, 36, 11, 79, 26, 47, 94, 37, 69, 27"
Rajdhani Night,25/09/2025,"7, 0","0, 7","223, 389, 458, 479","77, 29, 00, 13, 45, 66, 56, 53, 30, 86"
Main Bazar,25/09/2025,"0, 5","4, 3","037, 077, 247, 348","04, 82, 43, 90, 50, 23, 79, 15, 14, 13"
Time Bazar,26/09/2025,"8, 9","1, 4","068, 116, 128, 144","81, 96, 18, 99, 24, 17, 47, 66, 38, 05"
Milan Day,26/09/2025,"2, 2","4, 1","147, 237, 245, 356","24, 21, 25, 33, 68, 55, 10, 94, 34, 79"
Rajdhani Day,26/09/2025,"8, 9","3, 3","117, 148, 247, 378","83, 93, 81, 22, 76, 38, 75, 77, 84, 70"
Kalyan,26/09/2025,"8, 7","1, 9","018, 128, 378, 467","21, 79, 88, 72, 71, 83, 02, 53, 70, 56"
Milan Night,26/09/2025,"9, 9","0, 4","019, 388, 577, 699","94, 90, 98, 43, 04, 51, 89, 07, 77, 52"
Rajdhani Night,26/09/2025,"7, 4","8, 5","078, 359, 369, 699","78, 21, 65, 44, 60, 23, 28, 40, 33, 37"
Main Bazar,26/09/2025,"4, 6","5, 7","007, 167, 357, 457","47, 44, 97, 04, 05, 64, 20, 16, 43, 37"
Time Bazar,27/09/2025,"3, 0","7, 7","025, 058, 223, 226","07, 37, 85, 31, 73, 87, 60, 36, 49, 08"
Milan Day,27/09/2025,"1, 0","3, 4","022, 128, 145, 445","04, 13, 28, 67, 88, 31, 42, 73, 92, 55"
Rajdhani Day,27/09/2025,"9, 2","2, 2","002, 027, 039, 048","92, 22, 80, 68, 25, 77, 33, 09, 78, 35"
Kalyan,27/09/2025,"7, 1","5, 8","134, 223, 236, 267","75, 09, 18, 02, 49, 46, 25, 34, 28, 76"
Milan Night,27/09/2025,"7, 6","9, 3","148, 367, 458, 469","79, 32, 63, 94, 05, 64, 76, 00, 03, 40"
Rajdhani Night,27/09/2025,"3, 4","3, 1","167, 236, 247, 256","04, 33, 13, 31, 42, 08, 14, 41, 23, 39"
Main Bazar,27/09/2025,"7, 8","6, 4","068, 123, 468, 566","76, 84, 19, 49, 24, 51, 81, 03, 56, 60"
Time Bazar,29/09/2025,"7, 6","7, 7","007, 179, 188, 457","77, 63, 55, 47, 83, 41, 65, 78, 82, 30"
Milan Day,29/09/2025,"6, 4","5, 3","069, 114, 338, 355","65, 40, 83, 02, 59, 41, 57, 45, 34, 52"
Rajdhani Day,29/09/2025,"3, 8","1, 4","125, 167, 236, 779","31, 40, 82, 94, 24, 35, 64, 71, 67, 86"
Kalyan,29/09/2025,"5, 3","3, 7","003, 069, 256, 368","53, 48, 70, 90, 49, 97, 31, 15, 67, 81"
Milan Night,29/09/2025,"6, 9","0, 6","046, 448, 559, 899","66, 21, 00, 94, 90, 97, 52, 42, 28, 79"
Rajdhani Night,29/09/2025,"2, 7","7, 5","014, 237, 368, 467","27, 18, 15, 65, 77, 76, 31, 50, 91, 47"
Main Bazar,29/09/2025,"7, 5","1, 0","025, 038, 136, 177","71, 50, 91, 10, 26, 95, 48, 04, 06, 09"
Time Bazar,30/09/2025,"7, 6","2, 0","002, 028, 079, 467","72, 34, 60, 88, 39, 52, 67, 32, 81, 56"
Milan Day,30/09/2025,"8, 1","6, 9","128, 134, 358, 478","16, 89, 66, 19, 21, 49, 32, 08, 04, 25"
Rajdhani Day,30/09/2025,"7, 8","7, 7","034, 115, 189, 557","77, 87, 53, 22, 75, 36, 14, 68, 91, 41"
Kalyan,30/09/2025,"6, 8","2, 8","138, 224, 233, 899","62, 40, 88, 82, 96, 28, 75, 00, 34, 26"
Milan Night,30/09/2025,"3, 1","9, 5","012, 027, 155, 258","39, 19, 15, 96, 17, 63, 60, 53, 77, 12"
Rajdhani Night,30/09/2025,"8, 3","8, 5","125, 348, 369, 445","85, 88, 65, 39, 38, 57, 70, 02, 04, 92"
Main Bazar,30/09/2025,"2, 9","4, 9","039, 059, 469","24, 05, 99, 74, 73, 96, 22, 21, 36, 57"
Time Bazar,01/10/2025,"1, 4","9, 0","137, 248, 479, 559","19, 89, 20, 94, 24, 63, 45, 12, 70, 75"
Milan Day,01/10/2025,"7, 8","3, 9","017, 058, 089, 117","86, 15, 73, 68, 96, 91, 11, 29, 75, 45"
Rajdhani Day,01/10/2025,"0, 5","5, 7","069, 269, 569","05, 57, 74, 61, 98, 83, 17, 21, 88, 80"
Kalyan,01/10/2025,"6, 6","0, 1","047, 127, 178, 358","60, 61, 87, 56, 55, 80, 49, 36, 53, 48"
Milan Night,01/10/2025,"1, 5","6, 7","024, 236, 467, 889","11, 56, 07, 70, 71, 14, 54, 94, 37, 46"
Rajdhani Night,01/10/2025,"3, 3","4, 6","239, 247, 349, 445","36, 34, 09, 19, 57, 24, 25, 07, 72, 89"
Main Bazar,01/10/2025,"0, 5","2, 3","046, 147, 247, 249","03, 74, 52, 40, 71, 96, 20, 15, 14, 37"
Time Bazar,02/10/2025,"0, 7","4, 1","007, 022, 047, 244","04, 77, 01, 78, 37, 67, 92, 22, 17, 87"
Milan Day,02/10/2025,"4, 5","8, 4","014, 035, 158","48, 54, 38, 50, 05, 72, 26, 85, 52, 34"
Rajdhani Day,02/10/2025,"9, 2","5, 9","018, 069, 246, 469","95, 28, 49, 69, 84, 37, 07, 05, 57, 61"
Kalyan,02/10/2025,"3, 6","3, 0","024, 058, 355, 569","30, 63, 80, 49, 85, 32, 01, 21, 74, 72"
Milan Night,02/10/2025,"4, 1","1, 8","167, 399, 579, 666","41, 11, 72, 96, 08, 82, 77, 78, 49, 30"
Rajdhani Night,02/10/2025,"1, 3","4, 3","148, 167, 346, 579","14, 33, 85, 11, 93, 32, 30, 13, 12, 77"
Main Bazar,02/10/2025,"6, 5","7, 6","088, 123, 269, 799","68, 67, 56, 62, 32, 98, 40, 36, 13, 16"
Time Bazar,03/10/2025,"3, 0","7, 5","034, 157, 159, 226","37, 23, 31, 22, 42, 48, 02, 13, 08, 85"
Milan Day,03/10/2025,"3, 8","2, 5","026, 048, 267, 689","35, 82, 52, 86, 11, 02, 09, 39, 89, 85"
Rajdhani Day,03/10/2025,"9, 9","0, 3","144, 148, 388, 668","90, 98, 93, 74, 52, 33, 86, 28, 20, 07"
Kalyan,03/10/2025,"4, 6","4, 7","158, 179, 367, 446","64, 33, 47, 01, 78, 24, 16, 60, 03, 68"
Milan Night,03/10/2025,"1, 6","3, 9","056, 247, 367, 577","02, 18, 45, 63, 49, 05, 89, 21, 13, 08"
Rajdhani Night,03/10/2025,"3, 0","9, 1","046, 128, 234, 256","39, 27, 20, 09, 56, 69, 43, 51, 60, 45"
Main Bazar,03/10/2025,"1, 1","3, 8","279, 337, 344, 399","13, 36, 70, 44, 67, 28, 19, 72, 05, 30"
Time Bazar,04/10/2025,"5, 8","6, 5","015, 035, 168, 267","95, 85, 56, 97, 13, 03, 86, 20, 84, 21"
Milan Day,04/10/2025,"9, 6","8, 4","013, 024, 234, 279","69, 28, 94, 15, 65, 41, 35, 05, 55, 04"
Rajdhani Day,04/10/2025,"9, 1","6, 8","008, 349, 469, 579","18, 96, 22, 03, 76, 42, 71, 04, 85, 97"
Kalyan,04/10/2025,"8, 0","6, 0","127, 367, 468, 569","86, 28, 00, 65, 64, 47, 02, 98, 97, 54"
Milan Night,04/10/2025,"8, 8","8, 0","008, 019, 224, 369","88, 80, 29, 91, 57, 40, 96, 71, 07, 31"
Rajdhani Night,04/10/2025,"2, 9","8, 5","011, 126, 366, 468","25, 98, 01, 99, 43, 91, 59, 08, 20, 93"
Main Bazar,04/10/2025,"5, 2","2, 9","129, 177, 345, 379","52, 22, 19, 05, 13, 36, 67, 58, 61, 88"
Time Bazar,06/10/2025,"4, 1","4, 2","013, 129, 455, 579","42, 14, 23, 07, 16, 99, 59, 89, 98, 55"
Milan Day,06/10/2025,"8, 0","7, 4","008, 025, 248, 578","87, 08, 44, 72, 32, 78, 17, 61, 99, 33"
Rajdhani Day,06/10/2025,"7, 2","1, 2","047, 138, 156, 179","71, 25, 30, 82, 33, 66, 77, 15, 34, 94"
Kalyan,06/10/2025,"3, 2","3, 0","057, 238, 578, 779","23, 32, 80, 51, 27, 15, 33, 64, 79, 77"
Milan Night,06/10/2025,"6, 4","2, 1","114, 155, 345, 789","01, 65, 48, 90, 42, 75, 18, 14, 45, 51"
Rajdhani Night,06/10/2025,"3, 8","2, 9","125, 346, 568, 589","39, 82, 53, 43, 77, 22, 99, 95, 07, 97"
Main Bazar,06/10/2025,"9, 9","5, 5","018, 117, 177, 799","55, 14, 54, 07, 95, 62, 94, 93, 63, 46"
Time Bazar,08/10/2025,"3, 0","3, 1","058, 235, 669, 689","33, 01, 15, 44, 38, 50, 89, 07, 91, 78"
Milan Day,08/10/2025,"5, 2","1, 6","246, 357, 678, 899","51, 26, 62, 16, 56, 48, 34, 68, 21, 77"
Rajdhani Day,08/10/2025,"4, 9","9, 5","027, 167, 249, 577","99, 94, 45, 09, 63, 58, 74, 12, 15, 23"
Kalyan,08/10/2025,"2, 6","9, 0","127, 268, 469, 679","29, 52, 33, 70, 03, 83, 27, 61, 16, 58"
Milan Night,08/10/2025,"4, 9","4, 1","149, 158, 478, 588","44, 91, 37, 14, 98, 57, 67, 59, 03, 88"
Rajdhani Night,08/10/2025,"6, 3","0, 7","015, 127, 133, 256","60, 37, 54, 89, 90, 11, 16, 97, 86, 55"
Main Bazar,08/10/2025,"7, 1","9, 3","018, 157, 269, 669","79, 13, 21, 68, 48, 70, 85, 30, 63, 77"
Time Bazar,09/10/2025,"3, 9","9, 6","027, 157, 199, 259","00, 36, 46, 89, 08, 72, 39, 99, 96, 45"
Milan Day,09/10/2025,"4, 3","7, 4","012, 059, 077, 223","47, 35, 55, 82, 03, 38, 23, 78, 54, 19"
Rajdhani Day,09/10/2025,"0, 6","2, 1","129, 146, 367, 488","02, 66, 61, 54, 40, 21, 15, 28, 43, 97"
Kalyan,09/10/2025,"5, 7","1, 2","005, 345, 377, 669","52, 69, 71, 56, 08, 86, 81, 68, 27, 70"
Milan Night,09/10/2025,"6, 1","0, 0","024, 335, 389, 578","60, 16, 00, 65, 08, 57, 18, 53, 46, 01"
Rajdhani Night,09/10/2025,"2, 6","2, 4","088, 138, 156, 248","22, 74, 66, 54, 89, 08, 56, 68, 12, 52"
Main Bazar,09/10/2025,"4, 3","5, 2","067, 138, 699, 799","45, 03, 82, 32, 29, 35, 81, 83, 94, 33"
Time Bazar,11/10/2025,"6, 1","5, 1","047, 146, 169, 889","65, 06, 11, 84, 15, 04, 85, 18, 02, 16"
Milan Day,11/10/2025,"0, 8","1, 9","017, 028, 289, 399","01, 34, 81, 82, 29, 88, 03, 33, 11, 05"
Rajdhani Day,11/10/2025,"3, 8","2, 2","026, 057, 148, 688","42, 39, 86, 38, 77, 02, 41, 62, 70, 54"
Kalyan,11/10/2025,"3, 4","8, 3","067, 148, 248, 468","38, 87, 53, 43, 76, 84, 33, 18, 15, 35"
Milan Night,11/10/2025,"5, 7","0, 4","016, 037, 248, 447","00, 56, 74, 93, 79, 68, 29, 71, 77, 92"
Rajdhani Night,11/10/2025,"8, 4","7, 2","002, 016, 279, 699","42, 87, 39, 69, 26, 63, 33, 25, 38, 13"
Main Bazar,11/10/2025,"0, 8","1, 1","127, 128, 369, 588","81, 01, 36, 95, 79, 23, 68, 21, 55, 20"
Time Bazar,13/10/2025,"1, 6","4, 9","013, 024, 568, 579","14, 69, 72, 07, 55, 41, 25, 20, 43, 40"
Milan Day,13/10/2025,"1, 8","7, 0","008, 047, 334, 467","17, 80, 44, 29, 43, 75, 92, 19, 08, 99"
Rajdhani Day,13/10/2025,"0, 5","6, 8","334, 357, 369, 457","06, 38, 59, 73, 40, 75, 43, 23, 78, 48"
Kalyan,13/10/2025,"8, 6","8, 1","017, 178, 236, 558","81, 68, 44, 13, 14, 62, 88, 35, 58, 56"
Milan Night,13/10/2025,"0, 0","1, 0","037, 046, 136, 155","01, 70, 31, 67, 26, 18, 84, 42, 19, 77"
Rajdhani Night,13/10/2025,"9, 1","1, 5","014, 568, 669, 678","91, 76, 15, 27, 93, 40, 09, 30, 00, 18"
Main Bazar,13/10/2025,"8, 5","3, 9","058, 225, 249, 279","56, 89, 52, 46, 83, 75, 58, 66, 50, 18"
Time Bazar,14/10/2025,"0, 2","6, 7","079, 278, 345, 668","27, 06, 62, 81, 10, 44, 07, 68, 28, 85"
Milan Day,14/10/2025,"3, 7","0, 9","019, 135, 179, 229","30, 79, 97, 80, 36, 72, 09, 88, 29, 59"
Rajdhani Day,14/10/2025,"8, 4","4, 9","018, 134, 167, 257","89, 26, 24, 49, 94, 04, 48, 69, 99, 20"
Kalyan,14/10/2025,"0, 0","9, 2","019, 129, 388, 668","08, 07, 97, 75, 99, 42, 39, 52, 01, 44"
Milan Night,14/10/2025,"2, 5","9, 4","446, 456, 478, 679","29, 50, 19, 62, 24, 93, 89, 56, 82, 37"
Rajdhani Night,14/10/2025,"5, 6","1, 7","078, 079, 128, 458","61, 81, 57, 31, 53, 99, 10, 00, 40, 43"
Main Bazar,14/10/2025,"3, 2","2, 8","134, 246, 445, 688","32, 28, 46, 11, 44, 92, 87, 24, 41, 93"
Time Bazar,15/10/2025,"6, 7","0, 3","115, 169, 389, 689","73, 10, 34, 94, 13, 61, 33, 89, 56, 19"
Milan Day,15/10/2025,"1, 8","6, 2","056, 079, 147, 468","16, 09, 11, 82, 32, 26, 63, 46, 31, 33"
Rajdhani Day,15/10/2025,"8, 2","3, 8","026, 468, 499, 788","15, 83, 99, 28, 13, 50, 81, 00, 95, 79"
Kalyan,15/10/2025,"8, 2","6, 8","138, 169, 189, 369","86, 28, 71, 06, 29, 56, 57, 80, 81, 49"
Milan Night,15/10/2025,"2, 6","0, 4","118, 589, 789, 899","28, 22, 60, 04, 93, 15, 89, 59, 45, 40"
Rajdhani Night,15/10/2025,"1, 6","7, 0","079, 223, 479, 489","17, 60, 47, 93, 22, 72, 15, 43, 69, 13"
Main Bazar,15/10/2025,"3, 7","9, 5","058, 144, 348, 377","78, 39, 35, 38, 54, 04, 01, 69, 97, 60"
Time Bazar,16/10/2025,"9, 6","5, 0","033, 037, 199, 456","95, 21, 60, 94, 51, 62, 08, 03, 31, 82"
Milan Day,16/10/2025,"0, 5","4, 8","023, 037, 224, 888","54, 08, 04, 27, 47, 09, 16, 69, 48, 23"
Rajdhani Day,16/10/2025,"2, 7","0, 7","016, 136, 138, 359","20, 77, 37, 55, 15, 95, 57, 80, 46, 27"
Kalyan,16/10/2025,"9, 6","0, 0","027, 235, 259, 334","90, 08, 09, 91, 84, 12, 60, 67, 51, 87"
Milan Night,16/10/2025,"8, 3","2, 0","148, 237, 334, 558","82, 30, 54, 60, 56, 35, 29, 87, 21, 50"
Rajdhani Night,16/10/2025,"1, 8","3, 2","003, 116, 147, 579","13, 12, 66, 68, 89, 67, 14, 91, 08, 18"
Main Bazar,16/10/2025,"0, 6","1, 3","079, 136, 399, 779","61, 03, 24, 76, 91, 74, 20, 94, 41, 34"
Time Bazar,17/10/2025,"1, 7","6, 8","034, 088, 119, 567","16, 76, 13, 75, 57, 66, 38, 27, 53, 61"
Milan Day,17/10/2025,"5, 7","8, 1","047, 267, 279, 368","58, 09, 96, 93, 71, 50, 38, 02, 88, 41"
Rajdhani Day,17/10/2025,"2, 9","3, 1","049, 236, 469, 688","23, 91, 80, 08, 68, 96, 56, 18, 10, 41"
Kalyan,17/10/2025,"6, 0","3, 8","024, 035, 235, 247","63, 05, 08, 66, 64, 62, 65, 40, 17, 81"
Milan Night,17/10/2025,"9, 5","7, 2","237, 249, 458, 577","92, 17, 90, 50, 54, 27, 23, 59, 13, 52"
Rajdhani Night,17/10/2025,"4, 5","8, 7","069, 266, 459, 557","47, 46, 54, 58, 72, 31, 74, 18, 39, 52"
Main Bazar,17/10/2025,"4, 3","8, 4","112, 166, 369, 446","48, 34, 57, 46, 93, 83, 61, 82, 30, 90"
Time Bazar,18/10/2025,"1, 4","1, 6","038, 047, 268, 347","41, 16, 72, 46, 17, 47, 62, 85, 23, 00"
Milan Day,18/10/2025,"9, 4","0, 9","027, 347, 479, 568","40, 29, 63, 19, 44, 28, 32, 98, 06, 35"
Rajdhani Day,18/10/2025,"1, 8","6, 4","013, 123, 128, 369","16, 34, 99, 84, 65, 23, 77, 70, 91, 19"
Kalyan,18/10/2025,"3, 1","0, 7","034, 037, 067, 236","30, 12, 67, 94, 29, 53, 24, 51, 07, 41"
Milan Night,18/10/2025,"4, 9","7, 3","058, 135, 149, 557","47, 98, 95, 23, 88, 26, 91, 84, 15, 48"
Rajdhani Night,18/10/2025,"7, 0","7, 3","012, 179, 299, 467","77, 03, 05, 04, 49, 37, 84, 08, 35, 60"
Main Bazar,18/10/2025,"4, 3","8, 4","112, 166, 369, 446","48, 34, 30, 93, 69, 83, 76, 57, 46, 61"
Time Bazar,20/10/2025,"2, 1","9, 8","128, 225, 279, 778","28, 19, 58, 46, 38, 17, 40, 65, 98, 33"
Milan Day,20/10/2025,"1, 8","2, 2","011, 345, 378, 669","12, 10, 82, 63, 11, 42, 94, 34, 19, 99"
Rajdhani Day,20/10/2025,"6, 5","3, 3","139, 267, 445, 899","53, 69, 58, 77, 23, 08, 87, 68, 74, 21"
Kalyan,20/10/2025,"8, 0","2, 8","026, 037, 057, 567","52, 54, 86, 40, 42, 08, 60, 14, 28, 94"
Milan Night,20/10/2025,"2, 2","1, 4","048, 236, 255, 455","24, 21, 10, 94, 90, 28, 87, 00, 97, 79"
Rajdhani Night,20/10/2025,"4, 2","0, 0","013, 145, 235, 336","40, 20, 23, 02, 03, 94, 33, 51, 38, 80"
Main Bazar,20/10/2025,"1, 3","8, 0","488, 489, 558, 689","10, 38, 60, 50, 99, 09, 71, 68, 94, 19"
Time Bazar,21/10/2025,"3, 4","3, 0","118, 166, 355, 455","33, 40, 27, 78, 22, 00, 28, 44, 80, 11"
Milan Day,21/10/2025,"9, 3","6, 6","247, 268, 466, 568","96, 36, 16, 33, 27, 48, 10, 12, 41, 65"
Rajdhani Day,21/10/2025,"8, 8","6, 6","033, 099, 268, 459","86, 66, 12, 59, 64, 85, 89, 52, 68, 09"
Kalyan,21/10/2025,"1, 2","4, 1","047, 335, 589, 699","14, 21, 91, 31, 02, 23, 28, 62, 55, 80"
Milan Night,21/10/2025,"6, 6","2, 8","015, 079, 228, 567","62, 68, 05, 12, 87, 69, 95, 43, 21, 11"
Rajdhani Night,21/10/2025,"5, 8","1, 6","134, 456, 489, 899","51, 86, 55, 76, 02, 59, 20, 23, 53, 16"
Main Bazar,21/10/2025,"0, 9","5, 3","019, 249, 445, 469","05, 74, 99, 93, 98, 24, 10, 52, 36, 57"
Time Bazar,22/10/2025,"0, 9","0, 0","037, 127, 136, 568","00, 80, 01, 92, 30, 38, 63, 40, 44, 33"
Milan Day,22/10/2025,"4, 1","1, 3","137, 166, 248, 399","12, 11, 43, 26, 24, 51, 42, 86, 29, 68"
Rajdhani Day,22/10/2025,"2, 5","0, 6","136, 169, 237, 889","52, 20, 60, 50, 85, 57, 11, 01, 39, 06"
Kalyan,22/10/2025,"2, 3","3, 5","156, 238, 339, 689","23, 90, 37, 21, 88, 35, 00, 14, 02, 11"
Milan Night,22/10/2025,"4, 0","3, 8","068, 127, 468, 788","43, 08, 29, 76, 70, 56, 18, 62, 74, 48"
Rajdhani Night,22/10/2025,"1, 0","5, 9","136, 234, 456, 588","09, 15, 16, 10, 74, 13, 11, 02, 96, 50"
Main Bazar,22/10/2025,"9, 1","6, 6","027, 079, 123, 236","96, 19, 94, 86, 33, 28, 60, 02, 79, 93"
Time Bazar,23/10/2025,"6, 2","2, 9","009, 048, 079, 589","29, 62, 12, 84, 36, 00, 48, 02, 16, 43"
Milan Day,23/10/2025,"4, 5","2, 4","059, 069, 138, 248","42, 54, 34, 55, 02, 89, 25, 00, 41, 03"
Rajdhani Day,23/10/2025,"7, 4","8, 8","034, 059, 099, 125","78, 88, 40, 52, 75, 41, 32, 84, 11, 49"
Kalyan,23/10/2025,"8, 3","0, 0","026, 136, 145, 689","30, 80, 87, 82, 05, 38, 21, 63, 72, 08"
Milan Night,23/10/2025,"1, 0","2, 9","046, 137, 289, 589","33, 12, 09, 79, 71, 58, 29, 43, 89, 52"
Rajdhani Night,23/10/2025,"3, 0","7, 8","346, 377, 389, 558","37, 97, 08, 83, 54, 02, 10, 52, 30, 82"
Main Bazar,23/10/2025,"5, 1","1, 5","029, 159, 227, 456","31, 11, 50, 01, 51, 88, 25, 44, 60, 57"
Time Bazar,24/10/2025,"1, 6","5, 2","078, 079, 137, 589","15, 02, 19, 62, 16, 57, 06, 67, 48, 84"
Milan Day,24/10/2025,"0, 7","0, 3","016, 136, 479, 788","00, 53, 72, 16, 86, 65, 36, 49, 45, 09"
Rajdhani Day,24/10/2025,"6, 5","6, 0","079, 136, 159, 259","16, 68, 84, 74, 72, 59, 34, 20, 00, 04"
Kalyan,24/10/2025,"2, 0","8, 1","189, 588, 589, 677","01, 28, 78, 85, 90, 64, 56, 25, 19, 14"
Milan Night,24/10/2025,"9, 5","7, 4","266, 348, 458, 478","54, 97, 17, 65, 77, 89, 85, 43, 02, 45"
Rajdhani Night,24/10/2025,"7, 0","7, 3","012, 179, 467, 488","77, 03, 49, 84, 04, 05, 35, 55, 60, 16"
Main Bazar,24/10/2025,"8, 7","1, 4","133, 146, 167, 279","81, 74, 79, 12, 03, 14, 42, 84, 49, 56"
Time Bazar,25/10/2025,"1, 1","1, 6","038, 047, 268, 399","41, 16, 72, 17, 46, 15, 47, 19, 62, 05"
Milan Day,25/10/2025,"4, 2","3, 0","129, 256, 347, 479","98, 29, 40, 06, 19, 32, 38, 35, 28, 63"
Rajdhani Day,25/10/2025,"1, 8","5, 6","123, 128, 159, 369","16, 84, 65, 77, 34, 70, 99, 86, 33, 23"
Kalyan,25/10/2025,"3, 2","0, 7","034, 037, 067, 138","30, 12, 94, 29, 24, 07, 67, 18, 51, 53"
Milan Night,25/10/2025,"4, 9","7, 3","058, 135, 149, 557","47, 98, 26, 95, 64, 84, 15, 91, 23, 97"
Rajdhani Night,25/10/2025,"7, 0","7, 3","012, 179, 467, 488","77, 04, 03, 49, 84, 05, 06, 60, 37, 08"
Main Bazar,25/10/2025,"8, 7","1, 2","133, 138, 146, 279","81, 74, 79, 03, 14, 84, 56, 12, 49, 68"
Time Bazar,27/10/2025,"1, 2","8, 9","128, 225, 279, 778","19, 28, 46, 17, 58, 38, 65, 40, 48, 98"
Milan Day,27/10/2025,"1, 6","2, 0","011, 024, 244, 669","12, 10, 82, 63, 11, 96, 74, 19, 34, 65"
Rajdhani Day,27/10/2025,"5, 7","3, 9","139, 234, 267, 557","53, 69, 23, 77, 58, 08, 87, 68, 42, 74"
Kalyan,27/10/2025,"8, 4","2, 6","057, 079, 248, 567","86, 91, 42, 54, 52, 28, 60, 40, 08, 75"
Milan Night,27/10/2025,"2, 2","1, 4","048, 236, 255, 455","21, 24, 94, 13, 90, 10, 97, 43, 28, 66"
Rajdhani Night,27/10/2025,"2, 4","0, 0","013, 145, 235, 336","40, 20, 02, 03, 23, 94, 67, 13, 51, 86"
Main Bazar,27/10/2025,"1, 3","0, 8","488, 489, 558, 689","10, 38, 99, 60, 19, 71, 50, 09, 51, 88"
Time Bazar,28/10/2025,"2, 4","3, 4","013, 068, 445, 688","44, 23, 37, 97, 11, 80, 28, 19, 09, 31"
Milan Day,28/10/2025,"8, 7","1, 3","008, 115, 399, 788","81, 78, 03, 32, 84, 66, 42, 86, 21, 11"
Rajdhani Day,28/10/2025,"0, 6","8, 5","014, 037, 123, 189","08, 65, 12, 52, 09, 48, 61, 77, 07, 94"
Kalyan,28/10/2025,"0, 8","5, 4","112, 224, 267, 479","85, 04, 53, 25, 23, 81, 30, 61, 80, 73"
Milan Night,28/10/2025,"2, 7","2, 7","039, 179, 467, 778","77, 22, 61, 04, 11, 41, 95, 32, 90, 34"
Rajdhani Night,28/10/2025,"5, 7","0, 4","034, 235, 266, 357","50, 32, 74, 42, 20, 86, 59, 49, 02, 12"
Main Bazar,28/10/2025,"0, 7","5, 4","019, 249, 356, 557","05, 74, 93, 99, 98, 20, 83, 96, 36, 71"
Time Bazar,29/10/2025,"2, 0","1, 5","037, 038, 447, 589","91, 00, 25, 20, 13, 24, 35, 89, 92, 86"
Milan Day,29/10/2025,"2, 7","2, 9","066, 126, 246, 557","79, 22, 59, 77, 15, 97, 95, 54, 30, 89"
Rajdhani Day,29/10/2025,"6, 5","0, 8","015, 145, 159, 189","60, 95, 58, 15, 32, 89, 65, 61, 13, 10"
Kalyan,29/10/2025,"3, 6","1, 8","148, 178, 189, 489","31, 88, 61, 58, 46, 20, 81, 66, 91, 02"
Milan Night,29/10/2025,"7, 8","2, 4","077, 179, 279, 778","74, 87, 02, 34, 14, 80, 08, 20, 99, 60"
Rajdhani Night,29/10/2025,"7, 1","3, 3","025, 029, 256, 346","73, 13, 10, 42, 48, 72, 09, 50, 52, 31"
Main Bazar,29/10/2025,"5, 8","7, 8","023, 125, 134, 368","57, 77, 95, 05, 87, 46, 68, 70, 03, 07"
Time Bazar,31/10/2025,"6, 5","8, 4","125, 258, 268, 347","64, 12, 18, 57, 39, 55, 96, 38, 99, 20"
Milan Day,31/10/2025,"8, 3","0, 5","134, 267, 578, 689","35, 85, 20, 88, 33, 11, 18, 08, 71, 05"
Rajdhani Day,31/10/2025,"8, 9","0, 3","099, 157, 388, 668","90, 81, 70, 23, 87, 63, 03, 08, 79, 50"
Kalyan,31/10/2025,"7, 7","0, 2","019, 034, 278, 679","70, 72, 19, 38, 30, 73, 22, 89, 74, 83"
Milan Night,31/10/2025,"8, 0","5, 2","127, 258, 345, 567","85, 02, 95, 08, 12, 36, 38, 45, 72, 18"
Rajdhani Night,31/10/2025,"2, 3","1, 4","058, 066, 128, 338","31, 24, 41, 54, 14, 52, 20, 75, 91, 39"
Main Bazar,31/10/2025,"8, 0","6, 2","026, 156, 466, 578","86, 02, 80, 46, 35, 81, 52, 53, 59, 34"
Time Bazar,01/11/2025,"5, 4","4, 2","013, 022, 138, 177","54, 49, 57, 42, 62, 59, 05, 71, 87, 78"
Milan Day,01/11/2025,"6, 0","9, 2","024, 045, 118, 129","69, 02, 05, 04, 89, 78, 15, 63, 35, 49"
Rajdhani Day,01/11/2025,"0, 8","1, 0","044, 136, 344, 479","01, 80, 32, 05, 43, 23, 77, 48, 22, 14"
Kalyan,01/11/2025,"7, 4","5, 1","128, 223, 248, 267","75, 71, 46, 99, 18, 49, 26, 25, 61, 12"
Milan Night,01/11/2025,"7, 4","4, 2","149, 345, 356, 557","79, 32, 44, 00, 63, 03, 71, 28, 40, 42"
Rajdhani Night,01/11/2025,"0, 4","9, 5","036, 069, 112, 136","05, 49, 03, 06, 77, 04, 09, 74, 63, 18"
Main Bazar,01/11/2025,"1, 6","0, 9","128, 349, 479, 559","69, 10, 64, 14, 47, 27, 20, 28, 93, 74"
Time Bazar,03/11/2025,"4, 4","1, 6","029, 077, 158, 178","46, 41, 98, 30, 81, 24, 57, 51, 09, 73"
Milan Day,03/11/2025,"1, 5","1, 9","036, 038, 159","82, 68, 11, 57, 39, 89, 66, 19, 23, 34"
Rajdhani Day,03/11/2025,"8, 5","6, 5","267, 349, 378, 456","86, 55, 05, 66, 85, 80, 33, 61, 00, 47"
Kalyan,03/11/2025,"8, 9","1, 7","099, 368, 469, 579","81, 53, 97, 71, 88, 54, 48, 42, 85, 70"
Milan Night,03/11/2025,"7, 6","9, 1","029, 079, 126, 269","61, 79, 27, 53, 64, 14, 12, 82, 78, 09"
Rajdhani Night,03/11/2025,"4, 3","3, 0","013, 145, 247, 445","40, 33, 02, 38, 13, 03, 05, 06, 23, 76"
Main Bazar,03/11/2025,"4, 7","2, 7","016, 188, 237, 699","72, 47, 88, 61, 66, 68, 84, 27, 32, 74"
